ip,timestamp
171.25.193.25,2025-10-03 04:40:07
80.67.167.81,2025-10-03 04:40:07
198.98.51.189,2025-10-03 04:44:13
89.58.26.216,2025-10-03 04:40:44
109.70.100.4,2025-10-03 04:41:43
5.45.102.93,2025-10-03 04:34:01
192.42.116.196,2025-10-03 04:37:13
45.141.215.62,2025-10-03 04:26:38
94.102.51.15,2025-10-03 04:19:34
192.42.116.213,2025-10-03 04:19:20
45.141.215.80,2025-10-02 17:28:39
193.26.115.61,2025-10-03 04:31:03
192.42.116.175,2025-10-03 04:44:57
149.56.44.47,2025-10-03 04:28:25
87.118.116.103,2025-10-03 04:42:08
192.42.116.208,2025-10-03 04:43:23
89.58.41.156,2025-10-03 04:42:40
2.58.56.43,2025-10-03 04:29:13
109.70.100.1,2025-10-03 04:38:24
185.244.192.175,2025-10-03 04:29:31
192.42.116.184,2025-10-03 04:40:42
179.43.182.232,2025-10-03 04:09:50
109.70.100.2,2025-10-03 04:43:51
104.244.75.74,2025-10-03 04:07:04
37.187.5.192,2025-10-03 04:11:07
45.141.215.169,2025-10-03 04:42:35
109.70.100.66,2025-10-03 04:44:17
179.43.159.199,2025-10-03 04:39:49
192.42.116.201,2025-10-03 04:45:27
195.176.3.23,2025-10-03 04:20:09
45.138.16.42,2025-10-03 04:44:50
216.73.159.75,2025-10-03 03:02:55
185.165.169.239,2025-10-03 04:40:01
109.70.100.6,2025-10-03 04:42:57
45.80.158.27,2025-10-03 04:44:53
45.138.16.240,2025-10-03 04:40:28
192.42.116.173,2025-10-03 04:45:18
192.42.116.200,2025-10-03 04:44:55
45.141.215.63,2025-10-03 04:42:34
192.42.116.211,2025-10-03 04:45:00
109.70.100.69,2025-10-03 04:45:52
185.35.202.222,2025-10-03 04:20:13
109.70.100.65,2025-10-03 04:28:41
192.42.116.181,2025-10-03 04:44:11
194.26.192.77,2025-10-03 04:45:13
124.198.132.172,2025-10-03 04:40:18
109.70.100.67,2025-10-03 04:40:45
128.31.0.13,2025-10-03 04:07:07
192.42.116.174,2025-10-03 04:44:18
185.241.208.115,2025-10-03 04:45:58
192.42.116.202,2025-10-03 04:37:15
45.141.215.97,2025-10-03 04:44:40
78.142.18.219,2025-10-03 04:43:24
192.42.116.192,2025-10-03 04:43:38
190.120.229.98,2025-10-03 04:34:59
192.42.116.177,2025-10-03 04:43:01
45.138.16.113,2025-10-03 04:39:36
192.42.116.212,2025-10-03 04:36:39
45.138.16.222,2025-10-03 04:46:07
87.118.122.51,2025-10-03 04:31:37
5.255.103.235,2025-10-03 04:31:23
192.42.116.179,2025-10-03 04:30:09
185.195.71.244,2025-10-03 04:26:13
193.105.134.155,2025-10-03 04:29:04
51.15.59.15,2025-10-03 04:40:02
192.42.116.191,2025-10-03 04:45:58
171.25.193.79,2025-10-03 04:42:18
45.88.186.92,2025-10-03 04:37:08
95.143.193.125,2025-10-03 04:11:53
195.176.3.24,2025-10-03 04:05:30
192.42.116.182,2025-10-03 04:22:20
109.70.100.70,2025-10-03 04:41:18
194.15.112.133,2025-10-03 04:34:48
192.42.116.180,2025-10-03 04:43:44
192.42.116.199,2025-10-03 04:43:34
45.141.215.114,2025-10-03 04:43:35
192.42.116.210,2025-10-03 04:34:45
192.42.116.218,2025-10-03 04:31:52
91.208.75.4,2025-10-03 04:12:06
162.251.5.152,2025-10-03 04:28:57
45.138.16.76,2025-10-03 04:46:03
192.42.116.178,2025-10-03 04:33:44
45.134.225.36,2025-10-03 04:38:26
109.70.100.5,2025-10-03 04:36:42
185.40.4.29,2025-10-03 04:44:35
192.42.116.176,2025-10-03 04:45:24
109.70.100.71,2025-10-03 04:37:28
66.146.193.33,2025-10-03 04:31:24
45.138.16.69,2025-10-03 04:27:56
45.141.215.95,2025-10-03 04:24:50
192.42.116.219,2025-10-03 04:41:51
139.99.172.11,2025-10-03 03:07:27
80.241.60.207,2025-10-03 04:06:47
192.42.116.194,2025-10-03 04:30:45
109.70.100.3,2025-10-03 04:37:48
179.43.159.200,2025-10-03 04:45:53
192.42.116.217,2025-10-03 04:30:44
163.172.45.102,2025-10-03 04:24:37
192.42.116.195,2025-10-03 04:44:22
45.141.215.110,2025-10-03 04:35:21
45.95.169.110,2025-10-03 04:40:45
190.211.254.97,2025-10-03 04:40:24
45.141.215.61,2025-10-03 04:34:10
192.42.116.203,2025-10-03 04:39:54
91.132.144.59,2025-10-03 04:41:07
185.183.157.214,2025-10-03 04:30:20
192.42.116.186,2025-10-03 04:39:11
192.42.116.197,2025-10-03 04:38:47
212.73.134.204,2025-10-03 04:02:29
188.68.49.235,2025-10-03 04:44:44
199.195.253.180,2025-10-03 04:22:37
171.25.193.234,2025-10-03 04:38:56
185.241.208.71,2025-10-03 04:40:14
192.42.116.216,2025-10-03 04:23:26
192.42.116.198,2025-10-03 04:46:10
199.195.251.119,2025-10-03 04:11:22
185.40.4.101,2025-10-03 04:41:51
2.58.56.35,2025-10-03 04:33:51
138.59.18.110,2025-10-03 04:13:04
185.246.188.73,2025-10-03 04:26:56
192.42.116.214,2025-10-03 04:42:03
188.68.41.191,2025-10-03 04:36:50
192.42.116.183,2025-10-03 04:27:20
179.43.159.197,2025-10-03 04:10:57
89.234.157.254,2025-10-03 04:13:35
5.255.99.5,2025-10-03 04:01:22
179.43.182.58,2025-10-03 03:03:17
107.189.30.69,2025-10-03 04:39:53
185.207.107.216,2025-10-03 04:43:31
185.100.87.41,2025-10-03 04:26:50
179.43.159.201,2025-10-03 04:10:18
185.244.192.184,2025-10-03 04:25:24
195.88.74.206,2025-10-03 04:30:13
109.70.100.68,2025-10-03 04:37:55
94.230.208.147,2025-10-03 04:19:27
77.81.247.72,2025-10-03 04:37:18
2.58.56.220,2025-10-03 04:45:01
83.96.213.63,2025-10-03 04:26:01
185.100.87.174,2025-10-03 04:15:14
217.12.221.131,2025-10-03 04:19:50
179.43.159.196,2025-10-03 04:09:35
192.42.116.209,2025-10-03 04:24:38
94.230.208.148,2025-10-03 04:39:33
95.128.43.164,2025-10-03 04:38:28
171.25.193.20,2025-10-03 04:31:06
102.130.113.9,2025-10-03 04:44:32
185.227.134.106,2025-10-03 04:29:57
71.19.144.106,2025-10-03 04:09:33
91.208.75.178,2025-10-03 04:02:15
185.246.188.74,2025-10-03 04:42:34
45.132.246.245,2025-10-03 04:39:12
209.141.55.26,2025-10-03 04:23:25
185.100.87.136,2025-10-03 04:29:56
192.42.116.185,2025-10-03 04:41:19
5.45.104.176,2025-10-03 04:29:59
192.42.116.193,2025-10-03 04:40:43
91.208.75.153,2025-10-03 04:17:48
179.43.159.194,2025-10-03 04:12:14
198.98.48.33,2025-10-03 04:04:20
188.68.52.231,2025-10-03 04:21:21
87.118.116.90,2025-10-03 04:37:37
185.129.62.62,2025-10-03 04:03:11
185.207.107.130,2025-10-03 04:17:58
87.118.122.30,2025-10-03 04:34:39
5.196.95.34,2025-10-02 22:04:26
171.25.193.77,2025-10-03 04:37:58
81.16.33.42,2025-10-03 04:29:13
51.81.222.62,2025-10-03 04:16:14
45.138.16.239,2025-10-03 04:20:30
5.255.97.221,2025-10-03 04:25:47
80.82.78.14,2025-10-03 04:44:39
173.255.198.243,2025-10-03 04:01:49
5.255.111.64,2025-10-03 04:34:44
216.73.159.101,2025-10-03 04:34:24
194.15.115.212,2025-10-03 04:06:07
80.67.172.162,2025-10-03 04:42:51
160.119.249.240,2025-10-03 03:45:57
54.36.101.21,2025-10-03 04:22:10
171.25.193.80,2025-10-03 04:42:22
124.198.131.253,2025-10-03 04:42:22
103.251.167.10,2025-10-03 04:30:15
185.34.33.2,2025-10-03 04:27:16
5.255.98.23,2025-10-03 04:34:21
185.241.208.82,2025-10-03 04:45:34
205.185.117.149,2025-10-03 04:20:21
103.109.101.105,2025-10-03 04:31:53
89.147.110.154,2025-10-03 04:15:20
72.14.179.10,2025-10-03 04:20:42
46.232.251.191,2025-10-03 04:26:17
93.123.12.112,2025-10-03 04:19:03
204.85.191.8,2025-10-03 03:20:04
185.56.171.94,2025-10-03 04:29:17
179.43.159.198,2025-10-03 04:44:13
45.145.93.133,2025-10-03 04:05:17
192.42.116.215,2025-10-03 04:41:25
91.208.75.239,2025-10-03 04:27:58
193.105.134.150,2025-10-03 04:08:13
209.141.46.203,2025-10-03 04:43:39
176.118.193.33,2025-10-03 04:38:30
204.85.191.7,2025-10-03 04:42:31
91.208.75.156,2025-10-03 04:31:27
205.185.116.34,2025-10-03 04:41:28
179.43.159.195,2025-10-03 04:43:58
185.154.110.142,2025-10-03 04:07:33
91.206.26.26,2025-10-03 04:37:35
162.216.18.62,2025-10-03 04:42:04
107.189.2.108,2025-10-03 04:40:12
5.45.98.162,2025-10-03 04:23:25
185.82.219.109,2025-10-03 04:01:43
5.255.98.151,2025-10-03 04:22:58
185.130.47.58,2025-10-03 04:03:10
185.154.110.17,2025-10-03 04:44:14
109.169.33.163,2025-10-03 04:42:05
5.2.67.226,2025-10-03 04:30:08
83.97.20.77,2025-10-03 04:22:01
198.58.107.53,2025-10-03 04:17:09
185.241.208.54,2025-10-02 17:28:42
185.225.69.203,2025-10-03 04:04:49
185.170.114.25,2025-10-03 04:40:07
205.185.123.93,2025-10-03 04:30:07
205.185.121.170,2025-10-03 04:31:31
104.244.78.162,2025-10-03 04:26:28
5.255.100.26,2025-10-03 04:20:40
185.241.208.202,2025-10-03 04:34:05
185.241.208.206,2025-10-03 04:37:04
51.222.142.67,2025-10-03 02:26:33
185.183.159.40,2025-10-03 04:30:54
84.16.224.227,2025-10-03 04:09:07
67.219.109.141,2025-10-03 04:45:38
178.218.144.51,2025-10-03 04:23:52
45.66.35.21,2025-10-03 04:34:23
45.66.35.20,2025-10-03 04:24:24
198.96.155.3,2025-10-03 04:10:00
185.129.62.63,2025-10-03 04:03:43
205.185.124.176,2025-10-03 04:44:10
5.255.117.56,2025-10-03 04:02:57
179.43.159.78,2025-10-03 04:16:29
81.17.28.95,2025-10-03 04:42:38
89.147.110.118,2025-10-03 04:19:20
93.95.228.125,2025-10-03 04:36:28
125.212.241.131,2025-10-03 04:31:08
104.192.3.74,2025-10-03 04:17:39
91.92.109.43,2025-10-03 04:12:54
185.246.189.99,2025-10-03 04:28:13
204.137.14.106,2025-10-03 04:10:40
204.137.14.104,2025-10-03 04:12:57
204.137.14.105,2025-10-03 04:26:52
204.137.14.92,2025-10-03 04:21:35
185.220.101.35,2025-10-03 04:01:35
185.220.101.44,2025-10-03 03:09:42
185.220.101.49,2025-10-03 04:06:19
185.220.101.34,2025-10-03 04:38:15
185.220.101.63,2025-10-03 04:37:22
185.220.101.55,2025-10-03 04:42:44
185.220.101.46,2025-10-03 04:09:23
185.220.101.32,2025-10-03 04:07:17
185.220.101.33,2025-10-03 04:09:06
185.220.101.43,2025-10-03 04:18:04
185.220.101.51,2025-10-03 04:38:38
185.220.101.36,2025-10-03 04:06:27
185.220.101.52,2025-10-03 04:11:29
185.220.101.38,2025-10-03 04:08:31
185.220.101.50,2025-10-03 04:15:06
185.220.101.53,2025-10-03 04:17:20
185.220.101.61,2025-10-03 04:12:34
185.220.101.57,2025-10-03 04:03:50
185.220.101.37,2025-10-03 03:28:20
185.220.101.42,2025-10-03 04:39:50
185.220.101.47,2025-10-03 04:44:36
185.220.101.39,2025-10-03 04:02:34
185.220.101.41,2025-10-03 04:30:11
185.220.101.56,2025-10-03 04:24:42
185.220.101.40,2025-10-03 04:04:38
185.220.101.48,2025-10-03 04:17:13
185.220.101.60,2025-10-03 04:06:07
185.220.101.62,2025-10-03 04:40:59
185.220.101.45,2025-10-03 03:13:07
185.220.101.54,2025-10-03 04:36:00
185.220.101.58,2025-10-03 03:16:11
185.220.101.59,2025-10-03 04:26:56
185.246.128.161,2025-10-03 04:26:39
92.243.24.163,2025-10-03 04:05:45
91.219.236.101,2025-10-03 04:41:07
107.189.13.254,2025-10-03 04:14:56
209.141.32.198,2025-10-03 04:05:30
130.193.15.186,2025-10-03 04:32:17
171.25.193.78,2025-10-03 04:37:33
185.246.188.149,2025-10-03 04:22:15
45.12.3.80,2025-10-03 04:18:30
123.253.35.32,2025-10-03 04:29:47
185.246.84.179,2025-10-03 04:10:05
66.220.242.222,2025-10-03 04:05:35
185.191.204.254,2025-10-03 04:43:28
107.189.13.180,2025-10-03 04:08:07
102.130.117.167,2025-10-03 04:43:49
5.255.104.202,2025-10-03 04:23:21
5.255.98.198,2025-10-03 04:29:09
178.218.144.18,2025-10-03 04:00:55
104.219.236.100,2025-10-03 04:37:31
46.165.243.36,2025-10-03 04:25:34
85.93.218.204,2025-10-03 04:07:32
45.141.215.40,2025-10-02 17:28:41
195.80.151.242,2025-10-03 04:27:53
89.147.108.90,2025-10-03 04:31:13
176.97.114.202,2025-10-03 04:20:39
62.182.84.146,2025-10-03 04:33:53
212.21.66.6,2025-10-03 04:29:05
91.202.5.104,2025-10-03 04:17:28
98.128.173.33,2025-10-03 04:02:55
45.66.35.22,2025-10-03 04:45:47
199.195.253.124,2025-10-03 04:06:22
204.8.156.142,2025-10-03 04:29:31
185.112.146.167,2025-10-03 04:00:55
185.42.170.203,2025-10-03 04:01:54
45.11.59.28,2025-10-03 04:12:59
91.92.109.126,2025-10-03 04:16:47
5.2.72.110,2025-10-03 04:11:46
172.234.228.174,2025-10-03 04:02:22
94.142.241.194,2025-10-03 04:18:49
94.142.244.16,2025-10-03 04:14:15
185.106.102.102,2025-10-03 04:25:27
93.99.104.194,2025-10-03 04:16:44
212.69.167.80,2025-10-03 04:25:03
31.133.0.210,2025-10-03 04:02:40
45.94.31.68,2025-10-03 04:45:10
165.73.242.163,2025-10-03 04:41:23
185.40.4.38,2025-10-03 04:33:38
185.241.208.81,2025-10-03 04:38:54
27.255.75.198,2025-10-03 04:26:49
51.38.225.46,2025-10-03 04:15:04
185.225.69.232,2025-10-03 04:40:40
91.203.145.116,2025-10-03 04:00:45
23.155.8.104,2025-10-02 22:29:42
209.141.32.181,2025-10-03 03:16:09
5.104.86.6,2025-10-03 04:21:01
23.137.253.27,2025-10-03 04:37:19
114.35.245.150,2025-10-03 04:02:10
107.189.30.49,2025-10-03 04:11:38
107.189.29.184,2025-10-03 04:38:07
185.40.4.132,2025-10-03 04:42:20
185.40.4.149,2025-10-03 04:44:29
45.141.215.17,2025-10-02 17:20:49
45.141.215.19,2025-10-02 17:17:19
103.164.54.199,2025-10-03 04:15:57
130.193.10.21,2025-10-03 04:21:11
24.240.72.170,2025-10-03 04:21:08
171.25.193.235,2025-10-03 04:44:22
178.175.148.246,2025-10-03 04:01:36
5.255.123.158,2025-10-03 04:41:40
45.128.133.242,2025-10-03 04:25:43
185.40.4.92,2025-10-03 04:38:09
2.56.10.36,2025-10-03 04:30:33
87.118.110.27,2025-10-03 04:20:07
178.17.170.144,2025-10-03 04:17:28
149.202.79.129,2025-10-03 04:13:31
91.208.75.3,2025-10-03 04:17:16
93.95.231.88,2025-10-03 04:19:51
209.141.51.180,2025-10-03 04:39:12
202.182.99.129,2025-10-03 03:29:26
45.83.104.137,2025-10-03 04:44:24
185.40.4.150,2025-10-03 04:43:54
45.84.107.76,2025-10-03 04:36:02
45.84.107.198,2025-10-03 04:44:25
45.84.107.182,2025-10-03 04:44:17
172.81.131.156,2025-10-03 04:38:06
172.81.132.94,2025-10-03 04:18:52
31.129.22.65,2025-10-03 04:16:19
212.38.189.186,2025-10-03 04:11:54
84.239.46.144,2025-10-03 04:32:20
193.239.232.102,2025-10-03 04:13:12
87.118.116.12,2025-10-03 04:15:55
178.218.144.99,2025-10-03 04:20:02
185.40.4.100,2025-10-03 04:44:03
185.40.4.44,2025-10-03 04:36:32
146.59.126.232,2025-10-03 04:31:41
66.78.40.182,2025-10-03 04:19:10
185.100.85.132,2025-10-03 03:14:17
195.47.238.82,2025-10-03 04:25:56
195.47.238.178,2025-10-03 04:36:59
88.80.26.2,2025-10-03 04:43:36
88.80.26.4,2025-10-03 04:38:14
104.244.78.232,2025-10-03 04:20:48
192.76.153.253,2025-10-03 04:46:01
200.122.181.2,2025-10-03 04:05:54
94.72.103.33,2025-10-03 04:34:40
82.221.128.191,2025-10-03 04:13:15
82.221.131.5,2025-10-03 04:06:21
35.0.127.52,2025-10-03 04:00:37
89.147.111.87,2025-10-03 04:03:06
5.255.118.218,2025-10-03 04:44:38
188.239.191.25,2025-10-03 04:28:26
193.36.132.21,2025-10-03 04:27:25
173.237.206.68,2025-10-03 04:06:56
176.58.121.177,2025-10-03 04:08:50
185.165.171.84,2025-10-03 04:29:40
80.94.92.92,2025-10-03 04:36:59
91.203.144.194,2025-10-03 04:30:48
31.133.0.235,2025-10-03 04:45:35
5.255.125.196,2025-10-03 04:43:23
124.198.131.108,2025-10-03 04:41:26
108.61.189.136,2025-10-03 04:27:32
95.211.244.28,2025-10-03 04:04:30
23.184.48.78,2025-10-03 04:25:35
139.99.8.57,2025-10-03 04:30:53
172.104.182.84,2025-10-03 04:02:12
193.26.115.43,2025-10-03 04:37:12
136.244.111.163,2025-10-03 04:35:00
80.94.92.106,2025-10-03 04:43:15
185.40.4.20,2025-10-03 04:40:57
185.40.4.127,2025-10-03 04:42:15
107.174.146.25,2025-10-03 04:26:20
93.99.104.40,2025-10-03 04:03:01
72.235.129.116,2025-10-03 04:42:37
195.47.238.90,2025-10-03 04:35:38
195.47.238.92,2025-10-03 04:45:46
190.103.179.98,2025-10-03 04:35:12
185.40.4.22,2025-10-03 04:34:08
82.221.139.190,2025-10-03 04:40:55
45.66.35.35,2025-10-03 04:35:50
45.138.16.248,2025-10-03 04:36:35
185.235.146.29,2025-10-03 04:22:46
88.80.26.3,2025-10-03 04:44:35
209.141.45.81,2025-10-03 04:25:49
23.137.253.109,2025-10-03 01:10:45
146.59.231.4,2025-10-03 04:07:42
45.138.16.231,2025-10-03 04:38:00
178.218.144.96,2025-10-03 04:13:01
173.0.3.111,2025-10-02 18:17:39
23.137.253.254,2025-10-03 04:12:33
45.84.107.101,2025-10-03 04:25:37
93.99.104.18,2025-10-03 04:36:11
23.236.122.193,2025-10-03 04:20:16
121.78.28.166,2025-10-03 04:04:18
198.98.57.74,2025-10-03 04:12:19
93.95.231.14,2025-10-03 04:12:39
198.98.62.158,2025-10-03 04:19:21
152.53.53.243,2025-10-03 04:20:25
45.84.107.222,2025-10-03 04:34:35
45.84.107.55,2025-10-03 04:45:29
45.84.107.74,2025-10-03 04:33:37
45.84.107.172,2025-10-03 04:34:27
45.84.107.47,2025-10-03 04:36:13
45.84.107.33,2025-10-03 04:45:46
185.247.184.105,2025-10-03 04:43:39
104.254.90.195,2025-10-03 03:21:58
176.65.149.87,2025-10-03 04:14:48
205.185.116.215,2025-10-03 04:14:07
176.65.149.88,2025-10-03 04:31:30
193.237.221.228,2025-10-03 04:04:30
198.98.57.151,2025-10-03 04:29:54
205.185.113.8,2025-10-03 04:35:56
209.141.45.141,2025-10-03 04:28:25
83.217.9.73,2025-10-03 04:27:08
37.77.56.238,2025-10-03 04:31:03
176.65.148.3,2025-10-03 04:43:30
176.65.149.96,2025-10-03 04:19:16
195.47.238.176,2025-10-03 04:31:25
195.47.238.91,2025-10-03 04:41:43
209.141.40.68,2025-10-03 04:02:59
205.185.121.177,2025-10-03 04:12:00
209.141.34.15,2025-10-03 04:36:22
209.141.58.254,2025-10-03 04:24:27
109.104.153.22,2025-10-03 04:32:02
185.150.28.13,2025-10-03 04:16:26
185.40.4.121,2025-10-03 04:31:13
45.84.107.17,2025-10-03 04:45:01
45.84.107.97,2025-10-03 04:34:06
45.84.107.128,2025-10-03 04:45:39
31.44.238.25,2025-10-03 04:15:10
103.28.52.93,2025-10-03 04:16:22
46.234.47.105,2025-10-03 04:40:31
37.228.129.189,2025-10-03 04:12:44
204.8.96.120,2025-10-03 04:20:55
176.65.149.100,2025-10-03 04:16:51
37.221.208.71,2025-10-03 04:32:00
93.95.227.37,2025-10-03 04:20:29
185.254.196.141,2025-10-03 04:04:25
172.233.82.41,2025-10-03 04:44:07
172.104.186.73,2025-10-03 04:46:05
107.189.3.11,2025-10-03 04:10:24
103.146.203.11,2025-10-03 04:13:24
23.151.8.8,2025-10-03 04:17:33
166.70.207.2,2025-10-03 04:31:17
178.17.170.23,2025-10-03 04:08:25
198.46.166.157,2025-10-03 04:35:53
31.184.236.104,2025-10-03 04:27:57
84.211.224.201,2025-10-02 05:42:54
172.232.209.254,2025-10-03 03:20:21
45.95.169.109,2025-10-03 04:43:06
172.105.20.12,2025-10-03 04:41:48
161.129.68.162,2025-10-03 04:43:44
45.84.107.54,2025-10-03 04:45:23
45.95.169.104,2025-10-03 04:46:08
93.123.109.116,2025-10-03 04:37:24
152.32.206.127,2025-10-03 04:39:25
84.19.182.20,2025-10-03 04:06:12
89.147.110.82,2025-10-03 04:34:20
103.193.179.233,2025-10-03 04:16:13
178.17.171.102,2025-10-03 04:11:46
193.189.100.195,2025-10-03 04:30:45
193.189.100.200,2025-10-03 04:24:23
193.189.100.194,2025-10-03 04:13:52
193.189.100.197,2025-10-03 04:32:30
193.189.100.196,2025-10-03 04:33:12
193.189.100.199,2025-10-03 04:26:33
193.189.100.198,2025-10-03 04:40:54
194.87.55.98,2025-10-03 04:27:52
92.246.84.133,2025-10-03 04:45:20
54.36.108.162,2025-10-03 04:26:10
125.253.56.119,2025-10-03 04:11:26
57.128.220.107,2025-10-03 04:07:52
178.20.55.182,2025-10-03 04:43:45
178.20.55.16,2025-10-03 04:38:45
185.220.101.96,2025-10-03 04:37:36
185.220.101.103,2025-10-03 04:45:37
185.220.101.104,2025-10-03 04:43:50
185.220.101.102,2025-10-03 04:36:36
185.220.101.108,2025-10-03 04:28:44
185.220.101.100,2025-10-03 04:40:04
185.220.101.97,2025-10-03 04:40:09
185.220.101.105,2025-10-03 04:32:08
185.220.101.110,2025-10-03 04:14:39
185.220.101.106,2025-10-03 04:25:30
185.220.101.101,2025-10-03 04:33:49
185.220.101.99,2025-10-03 04:36:34
185.220.101.109,2025-10-03 04:07:41
185.220.101.107,2025-10-03 04:36:35
185.220.101.98,2025-10-03 04:22:36
185.241.208.185,2025-10-03 04:42:43
2.58.56.93,2025-10-03 04:41:04
45.138.16.164,2025-10-03 04:35:12
185.247.184.33,2025-10-03 04:11:55
209.141.51.30,2025-10-03 04:08:23
205.185.113.180,2025-10-03 04:22:17
176.65.148.133,2025-10-03 04:30:10
45.84.107.174,2025-10-03 04:42:55
107.189.12.7,2025-10-03 04:45:23
194.15.113.118,2025-10-03 04:13:28
178.218.144.64,2025-10-03 04:37:31
199.195.248.168,2025-10-03 04:00:55
103.20.241.102,2025-10-03 04:21:16
198.50.212.160,2025-10-03 04:27:37
45.138.16.230,2025-10-03 04:32:42
45.80.158.167,2025-10-03 04:35:37
37.228.129.63,2025-10-03 04:18:09
5.2.79.190,2025-10-03 04:34:21
45.133.74.53,2025-10-03 04:45:08
62.72.47.105,2025-10-03 04:45:11
46.250.243.29,2025-10-03 04:37:44
185.67.82.114,2025-10-03 04:13:21
37.228.129.5,2025-10-03 04:42:46
171.25.193.131,2025-10-03 04:45:07
45.91.250.107,2025-10-03 04:36:19
62.171.137.169,2025-10-03 04:43:47
198.98.61.60,2025-10-03 04:39:44
149.102.153.38,2025-10-03 04:38:18
154.53.58.161,2025-10-03 04:45:44
45.148.10.111,2025-10-03 04:39:10
204.194.29.4,2025-10-03 04:34:53
5.104.84.183,2025-10-03 04:45:22
38.135.24.32,2025-10-03 04:30:33
38.135.24.31,2025-10-03 04:39:18
38.135.24.30,2025-10-03 04:44:20
185.113.128.30,2025-10-03 04:19:05
38.135.24.72,2025-10-03 04:34:29
107.189.8.70,2025-10-03 04:18:46
46.38.243.210,2025-10-01 10:04:18
45.9.168.192,2025-10-03 04:17:25
144.126.133.74,2025-10-03 04:37:43
45.9.156.101,2025-10-03 04:42:13
124.198.131.223,2025-10-03 04:45:10
45.141.215.200,2025-10-03 04:39:51
74.82.47.194,2025-10-03 04:23:20
66.94.111.228,2025-10-03 04:20:24
179.43.128.16,2025-10-03 04:21:15
94.72.104.135,2025-10-03 04:36:21
77.48.28.204,2025-10-03 04:02:08
77.48.28.237,2025-10-03 04:40:52
57.129.91.235,2025-10-03 04:06:38
5.255.101.10,2025-10-03 04:28:11
185.247.226.95,2025-10-03 04:33:36
131.72.79.38,2025-10-03 04:09:45
72.5.43.62,2025-10-03 04:29:42
124.198.132.237,2025-10-03 04:42:47
193.26.115.140,2025-10-03 04:41:29
203.55.81.1,2025-10-03 04:40:18
203.55.81.2,2025-10-03 04:45:31
206.166.251.193,2025-10-03 04:21:04
87.120.254.132,2025-10-03 04:25:13
37.114.63.5,2025-10-03 04:28:34
37.114.50.124,2025-10-03 04:00:46
109.71.252.182,2025-10-03 04:44:33
37.114.50.142,2025-10-03 04:22:34
37.114.50.18,2025-10-03 04:12:23
109.71.252.97,2025-10-03 04:39:16
109.71.252.88,2025-10-03 04:11:51
45.13.225.69,2025-10-03 04:35:28
37.114.50.27,2025-10-03 04:30:22
45.13.225.78,2025-10-03 04:25:13
5.253.247.27,2025-10-03 04:34:14
185.104.120.30,2025-10-03 04:05:33
185.104.120.40,2025-10-03 04:31:37
51.91.18.151,2025-10-03 04:13:07
185.227.68.78,2025-10-03 04:25:19
45.137.70.158,2025-10-03 04:01:13
94.74.164.89,2025-10-03 04:06:19
23.129.64.132,2025-10-03 04:21:25
23.129.64.135,2025-10-03 04:10:22
23.129.64.144,2025-10-03 04:29:38
23.129.64.148,2025-10-03 04:16:08
23.129.64.131,2025-10-03 04:14:51
23.129.64.146,2025-10-03 04:31:10
23.129.64.150,2025-10-03 03:36:39
23.129.64.143,2025-10-03 03:27:22
23.129.64.151,2025-10-03 04:43:10
23.129.64.140,2025-10-03 04:27:47
23.129.64.134,2025-10-03 04:28:31
23.129.64.147,2025-10-03 04:09:50
23.129.64.153,2025-10-03 04:10:49
23.129.64.139,2025-10-03 04:20:17
23.129.64.138,2025-10-03 04:27:30
23.129.64.137,2025-10-03 04:15:31
23.129.64.133,2025-10-03 04:10:47
23.129.64.149,2025-10-03 04:18:07
23.129.64.142,2025-10-03 04:43:45
23.129.64.136,2025-10-03 04:36:01
23.129.64.145,2025-10-03 04:38:34
23.129.64.152,2025-10-03 03:01:55
23.129.64.141,2025-10-03 04:01:17
43.160.194.14,2025-10-03 04:03:35
180.150.226.99,2025-10-03 04:18:36
72.211.49.235,2025-10-03 04:11:21
82.118.248.205,2025-10-03 04:27:12
23.137.254.244,2025-10-03 04:45:45
45.79.144.222,2025-10-03 04:16:50
80.94.92.135,2025-10-03 04:45:52
80.94.92.99,2025-10-03 04:43:10
109.69.67.17,2025-10-03 04:22:36
195.47.238.177,2025-10-03 04:40:50
5.255.110.120,2025-10-03 04:27:14
185.246.188.115,2025-10-03 04:31:43
93.95.231.118,2025-10-01 07:03:32
162.220.14.54,2025-10-03 04:11:34
152.53.106.19,2025-10-03 04:32:57
23.137.248.100,2025-10-03 04:18:18
185.100.87.166,2025-10-03 04:12:35
162.220.14.78,2025-10-03 04:33:58
45.9.148.50,2025-10-03 03:15:26
124.198.131.62,2025-10-03 04:41:42
195.47.238.93,2025-10-03 04:45:28
95.163.176.177,2025-10-03 04:42:31
38.135.24.33,2025-10-03 04:46:06
192.159.99.168,2025-10-03 04:45:34
86.54.28.49,2025-10-03 04:13:38
192.159.99.74,2025-10-03 04:43:31
5.255.118.151,2025-10-03 04:26:10
185.193.52.180,2025-10-03 04:14:39
45.88.186.89,2025-10-03 04:29:02
185.220.101.135,2025-10-03 04:42:57
185.220.101.174,2025-10-03 03:05:08
185.220.101.189,2025-10-03 02:40:50
185.220.101.129,2025-10-03 04:40:00
185.220.101.130,2025-10-03 04:08:52
185.220.101.190,2025-10-03 04:34:46
185.220.101.151,2025-10-03 04:44:51
185.220.101.179,2025-10-03 04:05:04
185.220.101.167,2025-10-03 04:06:34
185.220.101.164,2025-10-03 04:06:45
185.220.101.172,2025-10-03 04:05:14
185.220.101.133,2025-10-03 04:18:40
185.220.101.156,2025-10-03 04:41:04
185.220.101.173,2025-10-03 04:07:51
185.220.101.185,2025-10-03 04:42:51
185.220.101.131,2025-10-03 04:37:44
185.220.101.176,2025-10-03 04:21:34
185.220.101.138,2025-10-03 04:15:05
185.220.101.149,2025-10-03 04:36:38
185.220.101.144,2025-10-03 04:01:03
185.220.101.160,2025-10-03 04:14:37
185.220.101.145,2025-10-03 04:22:49
185.220.101.153,2025-10-03 04:13:17
185.220.101.175,2025-10-03 04:43:16
185.220.101.137,2025-10-03 04:27:09
185.220.101.183,2025-10-03 04:32:07
185.220.101.166,2025-10-03 04:09:05
185.220.101.180,2025-10-03 04:11:32
185.220.101.182,2025-10-03 04:06:39
185.220.101.170,2025-10-03 04:03:28
185.220.101.162,2025-10-03 04:32:06
185.220.101.152,2025-10-03 04:28:21
185.220.101.169,2025-10-03 04:22:54
185.220.101.157,2025-10-03 04:29:51
185.220.101.191,2025-10-03 04:02:32
185.220.101.143,2025-10-03 04:04:02
185.220.101.187,2025-10-03 04:08:00
185.220.101.136,2025-10-03 04:09:51
185.220.101.165,2025-10-03 04:11:24
185.220.101.155,2025-10-03 04:41:59
185.220.101.186,2025-10-03 04:14:30
185.220.101.132,2025-10-03 04:14:40
185.220.101.139,2025-10-03 04:37:14
185.220.101.154,2025-10-03 04:01:00
185.220.101.163,2025-10-03 04:44:43
185.220.101.147,2025-10-03 04:41:13
185.220.101.140,2025-10-03 04:07:09
185.220.101.146,2025-10-03 03:45:27
185.220.101.188,2025-10-03 04:28:55
83.147.17.190,2025-10-03 04:33:21
124.198.132.13,2025-10-03 04:44:25
45.143.200.32,2025-10-03 04:39:49
5.255.101.131,2025-10-03 04:01:16
118.163.74.160,2025-10-03 03:44:32
194.15.36.117,2025-10-03 04:38:21
220.135.36.173,2025-10-03 04:04:58
149.202.79.101,2025-10-03 04:33:02
66.78.40.146,2025-10-02 09:02:04
193.26.115.82,2025-10-03 04:42:45
185.233.100.23,2025-10-03 04:34:00
171.25.193.38,2025-10-03 04:45:59
171.25.193.37,2025-10-03 04:42:54
171.25.193.36,2025-10-03 04:42:01
171.25.193.35,2025-10-03 04:44:47
176.58.89.182,2025-10-03 02:11:07
198.98.57.218,2025-10-03 04:13:19
85.93.31.31,2025-10-03 04:18:27
57.128.212.103,2025-10-03 04:35:19
23.129.64.163,2025-10-03 04:12:33
23.129.64.164,2025-10-03 04:20:34
23.129.64.165,2025-10-03 04:09:20
23.129.64.154,2025-10-03 04:15:51
23.129.64.159,2025-10-03 04:19:58
23.129.64.155,2025-10-03 04:24:46
23.129.64.156,2025-10-03 04:10:01
23.129.64.162,2025-10-03 04:11:54
23.129.64.157,2025-10-03 04:27:46
23.129.64.130,2025-10-03 04:05:41
23.129.64.158,2025-10-03 04:17:26
23.129.64.160,2025-10-03 04:42:50
23.129.64.161,2025-10-03 04:23:37
91.149.243.111,2025-10-03 04:35:43
209.141.41.25,2025-10-03 04:41:14
195.160.220.104,2025-10-03 04:15:53
107.189.8.181,2025-10-03 04:39:25
107.189.8.16,2025-10-03 04:35:46
107.189.31.187,2025-10-03 04:36:30
107.189.3.94,2025-10-03 04:36:00
107.189.3.148,2025-10-03 04:21:54
74.208.79.7,2025-10-03 04:04:17
80.253.251.56,2025-10-03 04:28:28
171.25.193.40,2025-10-03 04:45:19
171.25.193.39,2025-10-03 04:43:49
107.189.7.168,2025-10-03 04:17:22
31.220.75.237,2025-10-03 04:10:42
107.189.30.86,2025-10-03 04:32:47
38.135.25.143,2025-10-03 04:41:35
38.135.25.144,2025-10-03 04:46:03
38.135.25.141,2025-10-03 04:32:36
38.135.25.142,2025-10-03 04:27:47
64.190.113.221,2025-10-03 04:02:33
45.141.215.56,2025-10-03 04:46:09
107.189.5.249,2025-10-03 04:41:26
178.17.174.164,2025-10-03 04:31:29
104.244.79.50,2025-10-03 04:13:32
107.189.8.133,2025-10-03 04:22:41
107.189.14.4,2025-10-03 04:25:03
107.189.30.236,2025-10-03 04:43:54
104.244.73.43,2025-10-03 04:19:58
107.189.4.209,2025-10-03 04:19:18
107.189.8.226,2025-10-03 04:41:06
104.244.79.44,2025-10-03 04:31:46
107.189.1.9,2025-10-03 04:21:19
107.189.1.160,2025-10-03 04:41:29
104.244.74.97,2025-10-03 04:21:28
107.189.7.144,2025-10-03 04:45:55
107.189.11.111,2025-10-03 04:25:16
104.244.73.193,2025-10-03 04:13:54
107.189.5.121,2025-10-03 04:30:58
107.189.10.175,2025-10-03 04:28:11
104.244.73.136,2025-10-03 04:07:57
107.189.4.12,2025-10-03 04:20:59
104.244.79.61,2025-10-03 04:36:40
104.244.78.233,2025-10-03 04:40:25
107.189.13.253,2025-10-03 04:33:59
107.189.8.56,2025-10-03 04:19:04
104.244.73.190,2025-10-03 04:45:02
107.189.12.3,2025-10-03 04:05:18
104.244.77.208,2025-10-03 04:25:56
104.244.72.132,2025-10-03 04:34:19
107.189.5.7,2025-10-03 04:31:27
107.189.31.33,2025-10-03 04:15:53
185.225.69.187,2025-10-03 04:03:33
104.167.241.4,2025-10-03 04:14:48
88.80.20.86,2025-10-03 04:08:20
216.9.224.232,2025-10-03 04:27:19
109.237.27.11,2025-10-03 04:33:29
103.253.24.18,2025-10-03 04:31:22
107.189.7.141,2025-10-03 04:32:37
162.19.7.11,2025-10-03 04:16:33
77.48.28.193,2025-10-03 04:09:32
62.133.45.2,2025-10-03 04:12:54
107.189.6.124,2025-10-03 04:31:11
45.154.98.33,2025-10-03 04:10:18
160.187.148.71,2025-10-03 04:26:08
107.189.5.188,2025-10-03 04:24:42
154.26.159.157,2025-10-03 04:38:23
37.48.70.156,2025-10-03 04:35:33
102.211.56.200,2025-10-03 04:43:29
196.196.200.100,2025-10-03 04:04:59
152.53.184.161,2025-10-03 03:08:48
107.189.1.175,2025-10-03 04:18:44
141.98.11.62,2025-10-03 04:26:04
195.246.231.197,2025-10-03 04:19:07
45.84.107.200,2025-10-03 04:44:32
93.123.109.44,2025-10-03 04:38:59
87.120.222.33,2025-10-03 04:40:48
88.151.192.2,2025-10-03 04:42:55
94.156.152.234,2025-10-03 04:13:05
177.93.140.66,2025-10-03 04:28:09
146.103.43.17,2025-10-03 04:23:04
164.132.58.8,2025-10-02 10:11:48
185.100.87.192,2025-10-03 04:32:56
185.100.85.24,2025-10-03 04:39:09
185.100.87.250,2025-10-03 04:40:58
185.220.101.12,2025-10-03 04:45:55
185.220.101.6,2025-10-03 04:45:11
185.220.101.11,2025-10-03 04:17:21
185.220.101.7,2025-10-03 04:40:13
185.220.101.1,2025-10-03 04:27:45
185.220.101.16,2025-10-03 04:44:11
185.220.101.9,2025-10-03 04:45:05
185.220.101.15,2025-10-03 04:38:34
185.220.101.13,2025-10-03 04:45:55
185.220.101.8,2025-10-03 04:33:51
185.220.101.19,2025-10-03 04:35:15
185.220.101.10,2025-10-03 04:38:06
185.220.101.3,2025-10-03 04:31:59
185.220.101.20,2025-10-03 04:37:51
185.220.101.2,2025-10-03 04:42:16
185.220.101.17,2025-10-03 04:42:13
185.220.101.5,2025-10-03 04:45:41
185.220.101.4,2025-10-03 04:24:41
185.220.101.21,2025-10-03 04:40:57
185.220.101.14,2025-10-03 04:12:30
185.220.101.18,2025-10-03 04:36:31
104.244.72.115,2025-10-03 04:19:36
193.189.100.202,2025-10-03 04:41:05
193.189.100.203,2025-10-03 04:33:33
193.189.100.204,2025-10-03 04:33:56
193.189.100.206,2025-10-03 04:42:55
193.189.100.201,2025-10-03 04:22:05
193.189.100.205,2025-10-03 04:36:55
185.220.101.25,2025-10-03 04:44:46
185.220.101.30,2025-10-03 04:37:27
185.220.101.0,2025-10-03 04:35:23
185.220.101.24,2025-10-03 04:40:29
185.220.101.29,2025-10-03 04:41:31
185.220.101.26,2025-10-03 04:17:47
185.220.101.31,2025-10-03 04:39:05
185.220.101.27,2025-10-03 04:42:30
185.220.101.23,2025-10-03 04:35:50
185.220.101.22,2025-10-03 04:41:31
185.220.101.28,2025-10-03 04:44:53
204.85.191.9,2025-10-03 04:38:38
104.36.80.7,2025-10-03 04:30:51
94.16.121.91,2025-10-03 04:29:00
185.252.232.218,2025-10-03 04:20:56
188.68.36.28,2025-10-03 04:19:04
45.38.20.123,2025-10-03 04:25:18
45.137.99.16,2025-10-03 04:30:59
185.104.120.10,2025-10-02 15:29:56
82.153.138.7,2025-10-03 04:44:59
45.138.16.107,2025-10-03 04:39:06
185.129.61.129,2025-10-03 04:37:45
23.129.64.174,2025-10-03 04:21:56
23.129.64.171,2025-10-03 04:17:54
23.129.64.186,2025-10-03 04:35:04
23.129.64.176,2025-10-03 04:06:44
23.129.64.166,2025-10-03 04:42:42
23.129.64.191,2025-10-03 04:24:28
23.129.64.184,2025-10-03 04:37:44
23.129.64.192,2025-10-03 04:46:16
23.129.64.187,2025-10-03 04:19:23
23.129.64.172,2025-10-03 04:21:34
23.129.64.189,2025-10-03 04:13:46
23.129.64.175,2025-10-03 04:22:23
23.129.64.168,2025-10-03 04:13:01
23.129.64.167,2025-10-03 04:04:51
23.129.64.185,2025-10-03 03:14:01
23.129.64.180,2025-10-03 04:22:07
23.129.64.178,2025-10-03 04:27:41
23.129.64.190,2025-10-03 04:14:45
23.129.64.170,2025-10-03 04:18:48
23.129.64.177,2025-10-03 04:03:10
23.129.64.179,2025-10-03 04:25:36
23.129.64.181,2025-10-03 04:30:40
23.129.64.169,2025-10-03 04:29:42
23.129.64.193,2025-10-03 04:16:11
23.129.64.182,2025-10-03 04:36:53
23.129.64.183,2025-10-03 04:05:13
23.129.64.188,2025-10-03 03:04:04
45.61.185.172,2025-10-03 04:31:37
199.195.253.156,2025-10-03 04:34:47
23.129.64.217,2025-10-03 04:14:27
23.129.64.222,2025-10-03 04:41:59
23.129.64.201,2025-10-03 04:32:26
23.129.64.198,2025-10-03 04:31:21
23.129.64.218,2025-10-03 04:28:21
23.129.64.219,2025-10-03 02:42:48
23.129.64.225,2025-10-03 04:44:42
23.129.64.214,2025-10-03 04:02:00
23.129.64.212,2025-10-03 04:07:10
23.129.64.206,2025-10-03 03:26:03
23.129.64.209,2025-10-03 04:33:09
23.129.64.216,2025-10-03 04:40:47
23.129.64.223,2025-10-03 04:32:41
23.129.64.203,2025-10-03 04:18:16
23.129.64.224,2025-10-03 04:16:30
23.129.64.204,2025-10-03 04:04:17
23.129.64.211,2025-10-03 04:45:29
23.129.64.213,2025-10-03 04:32:51
23.129.64.194,2025-10-03 04:41:03
23.129.64.215,2025-10-03 04:10:35
23.129.64.221,2025-10-03 04:32:12
23.129.64.202,2025-10-03 04:09:47
23.129.64.207,2025-10-03 04:38:43
23.129.64.196,2025-10-03 04:22:06
23.129.64.200,2025-10-03 04:33:43
23.129.64.195,2025-10-03 04:23:46
23.129.64.173,2025-10-03 04:17:00
23.129.64.199,2025-10-03 04:21:03
23.129.64.205,2025-10-03 04:39:31
23.129.64.208,2025-10-03 04:08:56
23.129.64.210,2025-10-03 04:27:31
23.129.64.220,2025-10-03 04:25:37
23.129.64.197,2025-10-03 04:27:40
185.177.238.9,2025-10-03 04:23:44
107.175.93.157,2025-10-03 04:18:21
176.65.134.4,2025-10-03 04:30:04
45.141.215.88,2025-10-03 04:41:03
45.141.215.90,2025-10-03 04:42:20
45.141.215.111,2025-10-03 04:43:47
198.167.206.232,2025-10-03 04:22:13
198.167.206.237,2025-10-02 14:34:18
198.167.206.197,2025-10-01 14:09:49
93.94.51.243,2025-10-03 04:39:00
45.58.190.74,2025-10-03 04:17:49
209.141.50.249,2025-10-03 04:05:14
45.137.99.182,2025-10-03 04:14:02
23.191.200.2,2025-10-03 03:44:16
23.191.200.28,2025-10-03 02:34:40
23.191.200.3,2025-10-03 00:41:07
23.191.200.30,2025-10-03 02:28:51
23.191.200.29,2025-10-03 04:13:31
23.191.200.4,2025-10-02 21:43:37
23.191.200.6,2025-10-03 03:03:48
23.191.200.5,2025-10-03 00:43:19
23.191.200.31,2025-10-03 01:18:31
79.100.12.71,2025-10-03 04:15:46
213.111.150.96,2025-10-03 04:41:19
96.8.119.172,2025-10-03 04:43:07
5.255.127.222,2025-10-03 04:12:04
23.191.200.27,2025-10-03 04:44:09
143.20.64.235,2025-10-03 04:10:17
37.228.129.168,2025-10-03 04:23:57
37.46.196.22,2025-10-03 04:14:59
51.161.198.74,2025-10-03 04:19:41
45.141.215.238,2025-10-03 04:40:42
45.80.158.93,2025-10-03 04:39:24
45.80.158.75,2025-10-03 04:43:28
185.156.72.7,2025-10-03 04:37:23
185.40.4.143,2025-10-03 04:21:01
185.120.16.176,2025-10-03 04:18:10
82.221.131.71,2025-10-03 04:36:25
193.26.115.123,2025-10-03 04:35:08
194.26.192.177,2025-10-03 04:44:56
5.255.99.147,2025-10-03 04:25:55
23.191.200.7,2025-10-03 04:41:37
172.105.174.195,2025-10-03 04:11:09
23.191.200.17,2025-10-03 04:26:22
23.191.200.22,2025-10-03 04:07:53
23.191.200.20,2025-10-03 04:14:04
23.191.200.25,2025-10-03 04:06:53
23.191.200.13,2025-10-03 04:04:16
23.191.200.14,2025-10-03 04:29:45
23.191.200.23,2025-10-03 04:41:34
23.191.200.18,2025-10-03 04:23:14
23.191.200.9,2025-10-03 04:04:21
23.191.200.10,2025-10-03 04:31:33
23.191.200.11,2025-10-03 04:35:05
23.191.200.12,2025-10-03 04:05:41
23.191.200.24,2025-10-03 04:43:04
23.191.200.21,2025-10-03 04:35:18
23.191.200.26,2025-10-03 04:19:19
23.191.200.15,2025-10-03 04:16:36
23.191.200.8,2025-10-03 04:19:55
23.191.200.19,2025-10-03 04:22:31
23.191.200.16,2025-10-03 04:10:44
185.177.238.26,2025-10-03 04:40:24
172.81.131.139,2025-10-03 04:45:15
91.227.114.153,2025-10-03 04:18:31
171.25.193.82,2025-10-03 04:39:38
171.25.193.81,2025-10-03 04:44:35
178.17.58.159,2025-10-03 04:27:41
124.198.131.29,2025-10-03 04:43:09
93.99.104.128,2025-10-03 04:05:58
171.25.193.132,2025-10-03 04:45:40
5.255.123.164,2025-10-03 04:38:15
5.255.115.58,2025-10-03 04:19:36
31.40.204.206,2025-10-03 04:41:51
78.153.150.25,2025-10-02 18:44:13
82.153.138.125,2025-10-03 04:04:07
45.61.188.15,2025-10-03 04:04:00
185.120.16.171,2025-10-03 04:33:23
45.38.20.181,2025-10-02 23:07:07
217.182.75.199,2025-10-03 04:30:03
208.87.242.7,2025-10-03 04:25:05
204.76.203.203,2025-10-03 04:05:27
216.239.90.19,2025-10-03 04:15:44
44.30.4.69,2025-10-03 01:38:44
194.163.157.49,2025-10-03 04:29:57
23.190.216.8,2025-10-03 04:09:54
87.121.79.9,2025-10-03 04:01:27
185.40.4.64,2025-10-01 16:44:11
45.9.156.161,2025-10-03 04:08:04
5.181.177.130,2025-10-03 04:09:25
5.181.177.245,2025-10-03 03:09:17
151.243.213.150,2025-10-03 04:01:18
104.167.242.117,2025-10-03 04:26:00
104.167.242.118,2025-10-03 04:11:31
82.153.138.241,2025-10-03 04:31:56
152.53.210.165,2025-10-03 04:12:20
109.228.160.190,2025-10-03 04:35:20
93.94.52.229,2025-10-03 04:31:06
192.210.136.31,2025-10-03 04:21:16
107.173.187.181,2025-10-03 04:03:26
107.172.61.206,2025-10-03 04:43:16
124.198.132.52,2025-10-03 04:22:47
78.159.131.103,2025-10-03 04:30:21
185.231.33.38,2025-10-03 03:31:27
45.83.31.79,2025-10-03 04:44:41
107.189.31.52,2025-10-03 04:31:58
89.147.110.211,2025-10-03 04:01:51
51.68.226.107,2025-10-03 04:06:25
89.185.82.63,2025-10-03 04:32:27
176.121.81.51,2025-10-03 04:01:21
65.87.7.198,2025-10-03 04:09:48
173.224.219.44,2025-10-03 04:31:35
108.59.12.41,2025-10-03 04:20:39
64.190.76.4,2025-10-03 03:38:52
64.190.76.2,2025-10-03 04:19:47
64.190.76.3,2025-10-03 04:08:32
192.108.48.150,2025-10-03 04:21:30
173.224.219.236,2025-10-03 04:16:06
23.129.64.99,2025-10-03 04:03:56
93.113.25.239,2025-10-03 04:11:18
185.236.20.142,2025-10-03 04:38:24
66.78.40.225,2025-10-03 04:19:01
190.120.229.2,2025-10-03 04:23:56
179.43.134.19,2025-10-03 04:29:35
64.190.76.10,2025-10-03 04:12:11
45.134.48.153,2025-10-02 21:33:30
172.104.243.155,2025-10-03 04:33:02
31.40.204.186,2025-10-03 04:31:33
5.79.66.19,2025-10-03 04:18:04
107.189.8.65,2025-10-03 04:11:28
194.55.167.14,2025-10-03 04:08:06
185.129.61.5,2025-10-03 04:14:00
185.129.61.2,2025-10-03 04:09:01
185.129.61.9,2025-10-03 04:34:55
185.129.61.8,2025-10-03 04:36:47
185.129.61.6,2025-10-03 04:39:31
185.129.61.1,2025-10-03 04:21:47
185.129.61.3,2025-10-03 04:03:46
185.129.61.10,2025-10-03 04:25:27
185.129.61.4,2025-10-03 03:17:49
185.129.61.7,2025-10-03 04:28:03
185.100.85.25,2025-10-03 04:38:20
130.193.15.79,2025-10-03 04:15:00
86.54.24.21,2025-10-03 04:15:11
38.135.25.2,2025-10-03 04:01:34
185.14.31.113,2025-10-03 04:09:22
46.29.238.25,2025-10-03 04:37:13
195.246.231.141,2025-10-03 04:00:51
172.236.179.103,2025-10-01 07:17:06
89.110.95.164,2025-10-03 04:30:06
82.221.131.86,2025-10-03 04:24:55
195.47.238.44,2025-10-03 02:18:44
194.53.137.102,2025-10-03 04:35:36
135.125.239.70,2025-10-02 09:06:19
135.125.239.51,2025-10-02 10:27:44
82.117.255.113,2025-10-03 04:34:25
104.244.74.51,2025-10-03 04:41:55
176.65.140.210,2025-10-03 04:16:02
92.242.166.161,2025-10-01 12:29:04
164.132.172.209,2025-10-02 22:26:04
188.165.200.97,2025-10-02 21:07:56
66.78.40.210,2025-10-03 04:35:34
196.251.69.116,2025-10-03 04:42:20
148.113.152.91,2025-10-03 04:14:13
45.80.158.53,2025-10-03 04:37:51
45.9.156.22,2025-10-03 04:14:19
199.26.150.137,2025-10-03 04:02:15
144.172.73.31,2025-10-03 04:20:01
107.189.14.43,2025-10-03 04:26:33
102.130.127.117,2025-10-03 04:09:04
185.126.114.110,2025-10-03 04:01:51
45.138.16.82,2025-10-03 04:36:50
193.237.155.109,2025-10-03 04:32:24
185.138.88.25,2025-10-03 04:46:09
38.60.249.223,2025-10-02 12:25:11
45.141.215.28,2025-10-03 04:44:28
94.16.115.121,2025-10-03 04:43:14
193.239.232.235,2025-10-03 04:38:40
151.243.109.167,2025-10-03 04:12:09
190.211.254.185,2025-10-03 04:36:05
195.47.238.84,2025-10-03 04:37:19
195.47.238.86,2025-10-03 04:43:09
124.198.131.114,2025-10-03 04:41:54
195.47.238.88,2025-10-03 04:20:35
195.47.238.87,2025-10-03 04:44:25
195.47.238.83,2025-10-03 04:40:28
5.34.182.203,2025-10-02 12:01:33
108.181.69.243,2025-10-03 04:23:28
13.231.183.75,2025-10-03 04:41:41
77.48.28.239,2025-10-03 04:35:51
185.241.208.204,2025-10-03 04:41:57
18.119.162.10,2025-10-03 04:45:17
5.255.100.224,2025-10-03 04:28:44
5.255.114.171,2025-10-03 04:32:30
5.255.99.124,2025-10-03 04:21:53
185.132.53.150,2025-10-03 04:44:02
212.95.50.77,2025-10-03 04:35:16
89.36.231.128,2025-10-03 04:25:41
5.255.123.250,2025-10-02 21:40:30
95.211.174.137,2025-10-03 04:03:58
46.253.4.208,2025-10-02 08:15:09
46.29.238.31,2025-10-03 04:04:22
62.133.60.208,2025-10-03 04:42:08
104.167.242.116,2025-10-02 23:23:40
88.80.135.28,2025-10-02 16:31:25
23.137.255.85,2025-10-03 04:02:03
179.35.10.212,2025-10-03 04:41:54
177.149.156.209,2025-10-02 17:39:01
91.239.208.63,2025-10-02 19:37:18
172.81.132.149,2025-10-02 21:04:10
108.181.69.137,2025-10-03 04:15:11
144.31.188.82,2025-10-03 04:20:53
