0,1,lat,lon
ip,timestamp,,
171.25.193.25,2025-10-03 07:42:00,59.3247,18.056
80.67.167.81,2025-10-03 07:33:43,48.8582,2.3387
198.98.51.189,2025-10-03 07:37:28,40.6063,-74.1774
89.58.26.216,2025-10-03 07:41:24,51.2993,9.491
109.70.100.4,2025-10-03 07:45:26,48.1936,16.3726
5.45.102.93,2025-10-03 07:24:40,51.2993,9.491
192.42.116.196,2025-10-03 07:28:20,52.3824,4.8995
45.141.215.62,2025-10-03 07:37:17,45.4722,9.1922
94.102.51.15,2025-10-03 07:17:15,52.3759,4.8975
192.42.116.213,2025-10-03 07:09:18,52.3824,4.8995
45.141.215.80,2025-10-02 17:28:39,45.4722,9.1922
193.26.115.61,2025-10-03 07:45:12,50.1084,8.6841
192.42.116.175,2025-10-03 07:41:02,52.3824,4.8995
149.56.44.47,2025-10-03 07:33:55,45.4995,-73.5848
87.118.116.103,2025-10-03 07:31:55,51.2993,9.491
192.42.116.208,2025-10-03 07:39:41,52.3824,4.8995
89.58.41.156,2025-10-03 07:42:28,51.2993,9.491
2.58.56.43,2025-10-03 07:35:04,48.7855,2.1971
109.70.100.1,2025-10-03 07:37:16,48.1936,16.3726
185.244.192.175,2025-10-03 07:05:29,51.2993,9.491
192.42.116.184,2025-10-03 07:38:26,52.3824,4.8995
179.43.182.232,2025-10-03 07:45:07,47.3682,8.5671
109.70.100.2,2025-10-03 07:39:58,48.1936,16.3726
104.244.75.74,2025-10-03 07:20:08,49.6113,6.1294
37.187.5.192,2025-10-03 07:12:15,48.8582,2.3387
45.141.215.169,2025-10-03 07:32:27,45.4722,9.1922
109.70.100.66,2025-10-03 07:40:33,48.1936,16.3726
179.43.159.199,2025-10-03 07:43:00,47.3682,8.5671
192.42.116.201,2025-10-03 07:44:41,52.3824,4.8995
195.176.3.23,2025-10-03 07:38:18,46.2334,6.1164
45.138.16.42,2025-10-03 07:31:40,52.3824,4.8995
216.73.159.75,2025-10-03 07:17:23,-39.8,-73.2333
185.165.169.239,2025-10-03 07:21:44,-4.5833,55.6667
109.70.100.6,2025-10-03 07:37:37,48.1936,16.3726
45.80.158.27,2025-10-03 07:45:21,52.3824,4.8995
45.138.16.240,2025-10-03 07:31:57,52.3824,4.8995
192.42.116.173,2025-10-03 07:35:35,52.3824,4.8995
192.42.116.200,2025-10-03 07:44:14,52.3824,4.8995
45.141.215.63,2025-10-03 07:42:31,45.4722,9.1922
192.42.116.211,2025-10-03 07:24:57,52.3824,4.8995
109.70.100.69,2025-10-03 07:39:58,48.1936,16.3726
185.35.202.222,2025-10-03 07:36:16,59.955,10.859
109.70.100.65,2025-10-03 07:31:08,48.1936,16.3726
192.42.116.181,2025-10-03 07:37:19,52.3824,4.8995
194.26.192.77,2025-10-03 07:40:30,51.2993,9.491
124.198.132.172,2025-10-03 07:44:27,-42.0,174.0
109.70.100.67,2025-10-03 07:44:00,48.1936,16.3726
128.31.0.13,2025-10-03 07:19:44,37.751,-97.822
192.42.116.174,2025-10-03 07:43:54,52.3824,4.8995
185.241.208.115,2025-10-03 07:38:17,52.3824,4.8995
192.42.116.202,2025-10-03 07:40:36,52.3824,4.8995
45.141.215.97,2025-10-03 07:34:09,45.4722,9.1922
78.142.18.219,2025-10-03 07:43:58,42.696,23.332
192.42.116.192,2025-10-03 07:30:48,52.3824,4.8995
190.120.229.98,2025-10-03 07:44:06,-12.0464,-77.0428
192.42.116.177,2025-10-03 07:38:41,52.3824,4.8995
45.138.16.113,2025-10-03 07:45:29,52.3824,4.8995
192.42.116.212,2025-10-03 07:39:40,52.3824,4.8995
45.138.16.222,2025-10-03 07:44:26,52.3824,4.8995
87.118.122.51,2025-10-03 07:45:48,51.2993,9.491
5.255.103.235,2025-10-03 07:44:09,52.3824,4.8995
192.42.116.179,2025-10-03 07:28:04,52.3824,4.8995
185.195.71.244,2025-10-03 07:42:20,47.1449,8.1551
193.105.134.155,2025-10-03 07:31:27,54.23,-4.57
51.15.59.15,2025-10-03 07:44:38,52.3803,4.6422
192.42.116.191,2025-10-03 07:32:51,52.3824,4.8995
171.25.193.79,2025-10-03 07:37:29,59.3247,18.056
45.88.186.92,2025-10-03 07:42:56,39.0019,-77.4556
95.143.193.125,2025-10-03 07:16:07,55.6078,12.9982
195.176.3.24,2025-10-03 07:41:31,46.2334,6.1164
192.42.116.182,2025-10-03 07:45:05,52.3824,4.8995
109.70.100.70,2025-10-03 07:42:01,48.1936,16.3726
194.15.112.133,2025-10-03 07:17:05,51.4964,-0.1224
192.42.116.180,2025-10-03 07:45:03,52.3824,4.8995
192.42.116.199,2025-10-03 07:44:12,52.3824,4.8995
45.141.215.114,2025-10-03 07:42:39,45.4722,9.1922
192.42.116.210,2025-10-03 07:38:27,52.3824,4.8995
192.42.116.218,2025-10-03 07:45:41,52.3824,4.8995
91.208.75.4,2025-10-03 07:26:37,45.9968,24.997
162.251.5.152,2025-10-03 07:02:26,37.751,-97.822
45.138.16.76,2025-10-03 07:34:18,52.3824,4.8995
192.42.116.178,2025-10-03 07:24:27,52.3824,4.8995
45.134.225.36,2025-10-03 07:33:11,51.2993,9.491
109.70.100.5,2025-10-03 07:36:15,48.1936,16.3726
185.40.4.29,2025-10-03 07:41:18,55.9155,37.8263
192.42.116.176,2025-10-03 07:45:30,52.3824,4.8995
109.70.100.71,2025-10-03 07:34:00,48.1936,16.3726
66.146.193.33,2025-10-03 07:02:33,41.923,-87.7531
45.138.16.69,2025-10-03 07:24:57,52.3824,4.8995
45.141.215.95,2025-10-03 07:45:44,45.4722,9.1922
192.42.116.219,2025-10-03 07:29:14,52.3824,4.8995
139.99.172.11,2025-10-03 07:38:35,-33.8601,151.2101
80.241.60.207,2025-10-03 07:26:37,52.5321,13.4012
192.42.116.194,2025-10-03 07:27:22,52.3824,4.8995
109.70.100.3,2025-10-03 07:40:02,48.1936,16.3726
179.43.159.200,2025-10-03 07:11:33,47.3682,8.5671
192.42.116.217,2025-10-03 07:41:03,52.3824,4.8995
163.172.45.102,2025-10-03 07:24:55,49.1228,6.1742
192.42.116.195,2025-10-03 07:35:49,52.3824,4.8995
45.141.215.110,2025-10-03 07:38:25,45.4722,9.1922
45.95.169.110,2025-10-03 07:32:00,45.4675,16.3868
190.211.254.97,2025-10-03 07:28:42,51.5164,-0.093
45.141.215.61,2025-10-03 07:39:46,45.4722,9.1922
192.42.116.203,2025-10-03 07:43:37,52.3824,4.8995
91.132.144.59,2025-10-03 07:35:33,51.2993,9.491
185.183.157.214,2025-10-03 07:21:12,49.7894,9.9262
192.42.116.186,2025-10-03 07:38:45,52.3824,4.8995
192.42.116.197,2025-10-03 07:34:23,52.3824,4.8995
212.73.134.204,2025-10-03 07:17:31,42.696,23.332
188.68.49.235,2025-10-03 07:28:26,53.1564,11.0018
199.195.253.180,2025-10-03 07:10:37,40.6063,-74.1774
171.25.193.234,2025-10-03 07:35:04,59.3247,18.056
185.241.208.71,2025-10-03 07:43:15,52.3824,4.8995
192.42.116.216,2025-10-03 07:35:22,52.3824,4.8995
192.42.116.198,2025-10-03 07:45:52,52.3824,4.8995
199.195.251.119,2025-10-03 07:11:14,40.6063,-74.1774
185.40.4.101,2025-10-03 07:40:22,55.9155,37.8263
2.58.56.35,2025-10-03 07:39:41,48.7855,2.1971
138.59.18.110,2025-10-03 07:41:45,10.0029,-84.0
185.246.188.73,2025-10-03 07:15:16,-4.5833,55.6667
192.42.116.214,2025-10-03 07:40:56,52.3824,4.8995
188.68.41.191,2025-10-03 06:20:03,53.1564,11.0018
192.42.116.183,2025-10-03 07:43:59,52.3824,4.8995
179.43.159.197,2025-10-03 07:15:59,47.3682,8.5671
89.234.157.254,2025-10-03 07:39:42,43.4851,1.4505
5.255.99.5,2025-10-03 07:23:34,52.3824,4.8995
179.43.182.58,2025-10-03 07:38:10,47.3682,8.5671
107.189.30.69,2025-10-03 07:30:50,49.6113,6.1294
185.207.107.216,2025-10-03 07:38:43,51.2993,9.491
185.100.87.41,2025-10-03 07:42:21,44.4117,26.0422
179.43.159.201,2025-10-03 07:30:42,47.3682,8.5671
185.244.192.184,2025-10-03 07:33:15,51.2993,9.491
195.88.74.206,2025-10-03 07:21:44,42.696,23.332
109.70.100.68,2025-10-03 07:42:44,48.1936,16.3726
94.230.208.147,2025-10-03 07:29:08,47.3857,8.5348
77.81.247.72,2025-10-03 07:22:49,52.3891,4.6563
2.58.56.220,2025-10-03 07:38:22,48.7855,2.1971
83.96.213.63,2025-10-03 07:34:38,52.3085,5.036
185.100.87.174,2025-10-03 07:39:04,44.4117,26.0422
217.12.221.131,2025-10-03 07:21:04,49.982,36.2566
179.43.159.196,2025-10-03 07:22:46,47.3682,8.5671
192.42.116.209,2025-10-03 07:38:02,52.3824,4.8995
94.230.208.148,2025-10-03 07:44:10,47.3857,8.5348
95.128.43.164,2025-10-03 07:11:51,48.9319,2.3033
171.25.193.20,2025-10-03 07:45:15,59.3247,18.056
102.130.113.9,2025-10-03 07:01:53,-26.3811,27.8376
185.227.134.106,2025-10-03 07:38:26,47.4902,-122.3004
71.19.144.106,2025-10-03 07:17:24,37.353,-121.9543
91.208.75.178,2025-10-03 07:41:18,45.9968,24.997
185.246.188.74,2025-10-03 07:26:03,-4.5833,55.6667
45.132.246.245,2025-10-03 07:02:10,51.2993,9.491
209.141.55.26,2025-10-03 07:33:04,36.102,-115.1447
185.100.87.136,2025-10-03 07:19:36,44.4117,26.0422
192.42.116.185,2025-10-03 07:45:39,52.3824,4.8995
5.45.104.176,2025-10-03 07:22:23,51.2993,9.491
192.42.116.193,2025-10-03 07:43:23,52.3824,4.8995
91.208.75.153,2025-10-03 07:14:49,45.9968,24.997
179.43.159.194,2025-10-03 07:22:28,47.3682,8.5671
198.98.48.33,2025-10-03 07:21:24,40.6063,-74.1774
188.68.52.231,2025-10-03 07:22:50,53.1564,11.0018
87.118.116.90,2025-10-03 07:30:14,51.2993,9.491
185.129.62.62,2025-10-03 07:24:44,55.7123,12.0564
185.207.107.130,2025-10-03 07:42:09,51.2993,9.491
87.118.122.30,2025-10-03 07:15:34,51.2993,9.491
5.196.95.34,2025-10-02 22:04:26,48.8582,2.3387
171.25.193.77,2025-10-03 07:35:43,59.3247,18.056
81.16.33.42,2025-10-03 07:35:30,48.2048,16.3801
51.81.222.62,2025-10-03 07:18:10,45.5229,-122.9898
45.138.16.239,2025-10-03 07:38:41,52.3824,4.8995
5.255.97.221,2025-10-03 07:11:03,52.3824,4.8995
80.82.78.14,2025-10-03 07:10:43,52.3759,4.8975
173.255.198.243,2025-10-03 07:04:15,32.9473,-96.7028
5.255.111.64,2025-10-03 07:42:59,52.3824,4.8995
216.73.159.101,2025-10-03 07:08:33,-39.8,-73.2333
194.15.115.212,2025-10-03 07:23:48,51.4964,-0.1224
80.67.172.162,2025-10-03 07:40:15,48.8582,2.3387
160.119.249.240,2025-10-03 07:20:00,-29.0,24.0
54.36.101.21,2025-10-03 07:10:56,48.8582,2.3387
171.25.193.80,2025-10-03 07:39:39,59.3247,18.056
124.198.131.253,2025-10-03 07:23:33,-42.0,174.0
103.251.167.10,2025-10-03 07:28:00,52.5378,5.6966
185.34.33.2,2025-10-03 07:11:12,48.8582,2.3387
5.255.98.23,2025-10-03 07:25:15,52.3824,4.8995
185.241.208.82,2025-10-03 07:45:46,52.3824,4.8995
205.185.117.149,2025-10-03 07:00:47,36.102,-115.1447
103.109.101.105,2025-10-03 07:06:51,22.2578,114.1657
89.147.110.154,2025-10-03 07:36:40,47.4919,19.05
72.14.179.10,2025-10-03 07:21:40,32.9473,-96.7028
46.232.251.191,2025-10-03 07:16:09,51.2993,9.491
93.123.12.112,2025-10-03 07:30:58,42.696,23.332
204.85.191.8,2025-10-03 07:06:46,35.9153,-79.0386
185.56.171.94,2025-10-03 07:15:57,43.1479,12.1097
179.43.159.198,2025-10-03 07:20:49,47.3682,8.5671
45.145.93.133,2025-10-03 07:10:48,55.7123,12.0564
192.42.116.215,2025-10-03 07:45:50,52.3824,4.8995
91.208.75.239,2025-10-03 07:21:23,45.9968,24.997
193.105.134.150,2025-10-03 07:33:35,54.23,-4.57
209.141.46.203,2025-10-03 07:02:20,36.102,-115.1447
176.118.193.33,2025-10-03 07:43:40,48.2048,16.3801
204.85.191.7,2025-10-03 07:42:35,35.9153,-79.0386
91.208.75.156,2025-10-03 07:22:39,45.9968,24.997
205.185.116.34,2025-10-03 07:42:06,36.102,-115.1447
179.43.159.195,2025-10-03 07:40:09,47.3682,8.5671
185.154.110.142,2025-10-03 07:06:56,59.3691,17.8808
91.206.26.26,2025-10-03 07:03:09,52.2394,21.0362
162.216.18.62,2025-10-03 06:01:05,40.8229,-74.4592
107.189.2.108,2025-10-03 06:19:31,49.6113,6.1294
5.45.98.162,2025-10-03 07:22:56,51.2993,9.491
185.82.219.109,2025-10-03 07:12:55,42.6951,23.325
5.255.98.151,2025-10-03 07:11:43,52.3824,4.8995
185.130.47.58,2025-10-03 07:28:02,52.352,4.9392
185.154.110.17,2025-10-03 07:31:17,59.3691,17.8808
109.169.33.163,2025-10-03 07:25:49,51.4964,-0.1224
5.2.67.226,2025-10-03 06:27:07,52.3824,4.8995
83.97.20.77,2025-10-03 07:34:41,44.4152,26.166
198.58.107.53,2025-10-03 07:35:18,32.9473,-96.7028
185.241.208.54,2025-10-02 17:28:42,52.3824,4.8995
185.225.69.203,2025-10-03 07:26:17,47.4919,19.05
185.170.114.25,2025-10-03 07:30:41,51.2993,9.491
205.185.123.93,2025-10-03 07:24:30,36.102,-115.1447
205.185.121.170,2025-10-03 07:15:51,36.102,-115.1447
104.244.78.162,2025-10-03 07:36:27,49.6113,6.1294
5.255.100.26,2025-10-03 07:28:50,52.3824,4.8995
185.241.208.202,2025-10-03 07:39:15,52.3824,4.8995
185.241.208.206,2025-10-03 07:45:32,52.3824,4.8995
51.222.142.67,2025-10-03 07:17:56,45.4995,-73.5848
185.183.159.40,2025-10-03 07:14:26,49.7894,9.9262
84.16.224.227,2025-10-03 07:34:24,51.2993,9.491
67.219.109.141,2025-10-03 07:17:15,37.751,-97.822
178.218.144.51,2025-10-03 07:16:51,45.4722,9.1922
45.66.35.21,2025-10-03 07:32:29,52.3591,4.793
45.66.35.20,2025-10-03 07:24:39,52.3591,4.793
198.96.155.3,2025-10-03 07:23:11,43.6319,-79.3716
185.129.62.63,2025-10-03 07:17:35,55.7123,12.0564
205.185.124.176,2025-10-03 07:34:08,36.102,-115.1447
5.255.117.56,2025-10-03 07:14:13,52.3824,4.8995
179.43.159.78,2025-10-03 07:16:17,47.3682,8.5671
81.17.28.95,2025-10-03 07:00:57,47.3857,8.5348
89.147.110.118,2025-10-03 07:11:07,47.4919,19.05
93.95.228.125,2025-10-03 07:42:12,64.1439,-21.98
125.212.241.131,2025-10-03 07:20:47,10.822,106.6257
104.192.3.74,2025-10-03 07:39:30,37.751,-97.822
91.92.109.43,2025-10-03 07:31:24,42.696,23.332
185.246.189.99,2025-10-03 07:40:47,-4.5833,55.6667
204.137.14.106,2025-10-03 07:39:54,37.751,-97.822
204.137.14.104,2025-10-03 07:11:34,37.751,-97.822
204.137.14.105,2025-10-03 07:11:27,37.751,-97.822
204.137.14.92,2025-10-03 07:13:43,37.751,-97.822
185.220.101.35,2025-10-03 07:32:17,51.2993,9.491
185.220.101.44,2025-10-03 06:30:24,51.2993,9.491
185.220.101.49,2025-10-03 07:41:30,51.2993,9.491
185.220.101.34,2025-10-03 07:16:23,51.2993,9.491
185.220.101.63,2025-10-03 07:44:56,51.2993,9.491
185.220.101.55,2025-10-03 07:15:09,51.2993,9.491
185.220.101.46,2025-10-03 07:33:34,51.2993,9.491
185.220.101.32,2025-10-03 07:32:08,51.2993,9.491
185.220.101.33,2025-10-03 07:27:41,51.2993,9.491
185.220.101.43,2025-10-03 07:13:35,51.2993,9.491
185.220.101.51,2025-10-03 07:22:05,51.2993,9.491
185.220.101.36,2025-10-03 07:27:53,51.2993,9.491
185.220.101.52,2025-10-03 07:28:15,51.2993,9.491
185.220.101.38,2025-10-03 07:25:46,51.2993,9.491
185.220.101.50,2025-10-03 07:19:53,51.2993,9.491
185.220.101.53,2025-10-03 07:28:56,51.2993,9.491
185.220.101.61,2025-10-03 07:11:00,51.2993,9.491
185.220.101.57,2025-10-03 07:29:38,51.2993,9.491
185.220.101.37,2025-10-03 07:26:42,51.2993,9.491
185.220.101.42,2025-10-03 07:12:52,51.2993,9.491
185.220.101.47,2025-10-03 07:43:48,51.2993,9.491
185.220.101.39,2025-10-03 07:41:41,51.2993,9.491
185.220.101.41,2025-10-03 07:11:05,51.2993,9.491
185.220.101.56,2025-10-03 07:02:48,51.2993,9.491
185.220.101.40,2025-10-03 07:29:41,51.2993,9.491
185.220.101.48,2025-10-03 07:34:07,51.2993,9.491
185.220.101.60,2025-10-03 07:09:48,51.2993,9.491
185.220.101.62,2025-10-03 07:07:25,51.2993,9.491
185.220.101.45,2025-10-03 07:39:36,51.2993,9.491
185.220.101.54,2025-10-03 07:26:18,51.2993,9.491
185.220.101.58,2025-10-03 07:12:19,51.2993,9.491
185.220.101.59,2025-10-03 07:43:11,51.2993,9.491
185.246.128.161,2025-10-03 07:08:01,59.3274,18.0653
92.243.24.163,2025-10-03 07:25:20,48.8582,2.3387
91.219.236.101,2025-10-03 07:18:22,47.4919,19.05
107.189.13.254,2025-10-03 07:37:22,49.6113,6.1294
209.141.32.198,2025-10-03 07:30:20,36.102,-115.1447
130.193.15.186,2025-10-03 07:37:09,50.0804,14.5045
171.25.193.78,2025-10-03 07:27:20,59.3247,18.056
185.246.188.149,2025-10-03 07:26:06,-4.5833,55.6667
45.12.3.80,2025-10-03 07:24:39,50.4522,30.5287
123.253.35.32,2025-10-03 07:18:42,2.5,112.5
185.246.84.179,2025-10-03 07:14:21,48.8582,2.3387
66.220.242.222,2025-10-03 07:10:48,43.6171,-72.9636
185.191.204.254,2025-10-03 06:25:26,31.5,34.75
107.189.13.180,2025-10-03 07:43:34,49.6113,6.1294
102.130.117.167,2025-10-03 07:15:11,-26.3811,27.8376
5.255.104.202,2025-10-03 07:29:07,52.3824,4.8995
5.255.98.198,2025-10-03 07:40:32,52.3824,4.8995
178.218.144.18,2025-10-03 07:09:21,45.4722,9.1922
104.219.236.100,2025-10-03 07:39:24,37.751,-97.822
46.165.243.36,2025-10-03 07:40:47,51.2993,9.491
85.93.218.204,2025-10-03 07:17:33,49.4998,5.9802
45.141.215.40,2025-10-02 17:28:41,45.4722,9.1922
195.80.151.242,2025-10-03 07:43:43,42.6951,23.325
89.147.108.90,2025-10-03 06:14:29,47.4919,19.05
176.97.114.202,2025-10-03 07:14:59,50.4522,30.5287
62.182.84.146,2025-10-03 07:15:14,50.458,30.5303
212.21.66.6,2025-10-03 07:06:38,52.1143,11.5903
91.202.5.104,2025-10-03 07:40:05,52.2394,21.0362
98.128.173.33,2025-10-03 07:22:41,57.7065,11.967
45.66.35.22,2025-10-03 07:41:07,52.3591,4.793
199.195.253.124,2025-10-03 07:44:47,40.6063,-74.1774
204.8.156.142,2025-10-03 07:32:41,42.2904,-71.0712
185.112.146.167,2025-10-03 07:16:26,65.0,-18.0
185.42.170.203,2025-10-03 07:09:45,59.0,26.0
45.11.59.28,2025-10-03 07:28:51,42.3887,-72.5144
91.92.109.126,2025-10-03 07:28:22,42.696,23.332
5.2.72.110,2025-10-03 07:27:40,52.3824,4.8995
172.234.228.174,2025-10-03 07:35:31,37.751,-97.822
94.142.241.194,2025-10-03 07:33:53,52.3824,4.8995
94.142.244.16,2025-10-03 07:20:36,52.3824,4.8995
185.106.102.102,2025-10-03 07:33:49,35.0,33.0
93.99.104.194,2025-10-03 07:09:26,49.0506,17.465
212.69.167.80,2025-10-03 07:09:35,48.8582,2.3387
31.133.0.210,2025-10-03 07:33:31,52.2394,21.0362
45.94.31.68,2025-10-03 07:39:44,39.0019,-77.4556
165.73.242.163,2025-10-03 07:03:21,-29.0,24.0
185.40.4.38,2025-10-03 07:09:43,55.9155,37.8263
185.241.208.81,2025-10-03 07:08:59,52.3824,4.8995
27.255.75.198,2025-10-03 07:41:37,37.5112,126.9741
51.38.225.46,2025-10-03 07:28:54,48.8582,2.3387
185.225.69.232,2025-10-03 07:10:24,47.4919,19.05
91.203.145.116,2025-10-03 07:41:58,50.4522,30.5287
23.155.8.104,2025-10-02 22:29:42,,
209.141.32.181,2025-10-03 07:30:33,36.102,-115.1447
5.104.86.6,2025-10-03 07:08:59,60.1717,24.9349
23.137.253.27,2025-10-03 07:42:45,,
114.35.245.150,2025-10-03 07:05:28,25.0504,121.5324
107.189.30.49,2025-10-03 07:27:24,49.6113,6.1294
107.189.29.184,2025-10-03 07:38:00,49.6113,6.1294
185.40.4.132,2025-10-03 07:43:09,55.9155,37.8263
185.40.4.149,2025-10-03 07:38:17,55.9155,37.8263
45.141.215.17,2025-10-02 17:20:49,45.4722,9.1922
45.141.215.19,2025-10-02 17:17:19,45.4722,9.1922
103.164.54.199,2025-10-03 06:30:09,1.3673,103.8014
130.193.10.21,2025-10-03 07:14:12,50.0804,14.5045
24.240.72.170,2025-10-03 07:18:07,45.21,-93.6607
171.25.193.235,2025-10-03 07:35:17,59.3247,18.056
178.175.148.246,2025-10-03 07:37:41,48.1569,28.301
5.255.123.158,2025-10-03 07:30:35,52.3824,4.8995
45.128.133.242,2025-10-03 07:34:51,50.8509,4.3447
185.40.4.92,2025-10-03 07:44:36,55.9155,37.8263
2.56.10.36,2025-10-03 07:08:42,-4.5833,55.6667
87.118.110.27,2025-10-03 07:41:02,51.2993,9.491
178.17.170.144,2025-10-03 07:21:02,47.0042,28.8574
149.202.79.129,2025-10-03 06:10:22,48.8582,2.3387
91.208.75.3,2025-10-03 06:26:56,45.9968,24.997
93.95.231.88,2025-10-03 07:04:37,65.0,-18.0
209.141.51.180,2025-10-03 07:10:31,36.102,-115.1447
202.182.99.129,2025-10-03 07:28:43,35.5819,139.7663
45.83.104.137,2025-10-03 07:45:36,48.4469,12.0394
185.40.4.150,2025-10-03 07:12:06,55.9155,37.8263
45.84.107.76,2025-10-03 07:35:59,51.2993,9.491
45.84.107.198,2025-10-03 07:31:25,51.2993,9.491
45.84.107.182,2025-10-03 07:24:14,51.2993,9.491
172.81.131.156,2025-10-03 07:45:36,37.751,-97.822
172.81.132.94,2025-10-03 07:02:06,37.751,-97.822
31.129.22.65,2025-10-03 07:27:21,50.2705,127.5352
212.38.189.186,2025-10-03 07:39:04,55.806,-3.9417
84.239.46.144,2025-10-03 07:22:09,45.9968,24.997
193.239.232.102,2025-10-03 07:07:05,59.3247,18.056
87.118.116.12,2025-10-03 07:23:59,51.2993,9.491
178.218.144.99,2025-10-03 07:43:05,45.4722,9.1922
185.40.4.100,2025-10-03 07:42:52,55.9155,37.8263
185.40.4.44,2025-10-03 07:04:02,55.9155,37.8263
146.59.126.232,2025-10-03 07:14:23,48.8582,2.3387
66.78.40.182,2025-10-03 07:02:13,39.7356,-75.5516
185.100.85.132,2025-10-03 07:45:28,44.4152,26.166
195.47.238.82,2025-10-03 07:41:23,57.7065,11.967
195.47.238.178,2025-10-03 07:42:32,57.7065,11.967
88.80.26.2,2025-10-03 07:41:06,59.3247,18.056
88.80.26.4,2025-10-03 07:38:28,59.3247,18.056
104.244.78.232,2025-10-03 07:35:25,49.6113,6.1294
192.76.153.253,2025-10-03 07:45:23,52.3824,4.8995
200.122.181.2,2025-10-03 07:10:22,10.0029,-84.0
94.72.103.33,2025-10-03 07:39:49,51.222,22.7024
82.221.128.191,2025-10-03 07:34:08,65.0,-18.0
82.221.131.5,2025-10-03 07:39:09,65.0,-18.0
35.0.127.52,2025-10-03 07:23:55,42.3068,-83.7059
89.147.111.87,2025-10-03 07:16:05,47.4919,19.05
5.255.118.218,2025-10-03 07:35:13,52.3824,4.8995
188.239.191.25,2025-10-03 07:16:44,52.5378,5.6966
193.36.132.21,2025-10-03 07:23:16,1.2848,103.7857
173.237.206.68,2025-10-03 07:12:58,42.3822,-71.4275
176.58.121.177,2025-10-03 07:29:33,51.5164,-0.093
185.165.171.84,2025-10-03 07:37:47,-4.5833,55.6667
80.94.92.92,2025-10-03 07:42:35,45.9968,24.997
91.203.144.194,2025-10-03 07:31:33,50.4522,30.5287
31.133.0.235,2025-10-03 07:35:28,52.2394,21.0362
5.255.125.196,2025-10-03 07:06:42,52.3824,4.8995
124.198.131.108,2025-10-03 07:40:11,-42.0,174.0
108.61.189.136,2025-10-03 07:28:34,52.3891,4.6563
95.211.244.28,2025-10-03 07:18:48,52.3824,4.8995
23.184.48.78,2025-10-03 07:21:40,51.9981,4.198
139.99.8.57,2025-10-03 07:39:17,1.2746,103.8378
172.104.182.84,2025-10-03 07:12:00,1.3036,103.8554
193.26.115.43,2025-10-03 07:37:43,50.1084,8.6841
136.244.111.163,2025-10-03 07:03:37,52.3891,4.6563
80.94.92.106,2025-10-03 07:44:04,45.9968,24.997
185.40.4.20,2025-10-03 07:43:49,55.9155,37.8263
185.40.4.127,2025-10-03 07:44:24,55.9155,37.8263
107.174.146.25,2025-10-03 07:19:20,37.751,-97.822
93.99.104.40,2025-10-03 07:07:11,49.0506,17.465
72.235.129.116,2025-10-03 07:37:07,21.289,-157.8028
195.47.238.90,2025-10-03 07:43:22,57.7065,11.967
195.47.238.92,2025-10-03 07:25:31,57.7065,11.967
190.103.179.98,2025-10-03 07:05:24,31.7198,-106.4195
185.40.4.22,2025-10-03 07:36:24,55.9155,37.8263
82.221.139.190,2025-10-03 07:33:41,65.0,-18.0
45.66.35.35,2025-10-03 07:33:11,52.3591,4.793
45.138.16.248,2025-10-03 07:43:59,52.3824,4.8995
185.235.146.29,2025-10-03 07:09:57,48.8582,2.3387
88.80.26.3,2025-10-03 07:00:26,59.3247,18.056
209.141.45.81,2025-10-03 07:41:53,36.102,-115.1447
23.137.253.109,2025-10-03 01:10:45,,
146.59.231.4,2025-10-03 07:30:43,48.8582,2.3387
45.138.16.231,2025-10-03 07:42:46,52.3824,4.8995
178.218.144.96,2025-10-03 07:21:08,45.4722,9.1922
173.0.3.111,2025-10-02 18:17:39,37.751,-97.822
23.137.253.254,2025-10-03 07:03:03,,
45.84.107.101,2025-10-03 07:42:24,51.2993,9.491
93.99.104.18,2025-10-03 07:17:14,49.0506,17.465
23.236.122.193,2025-10-03 05:31:21,37.751,-97.822
121.78.28.166,2025-10-03 07:08:07,37.5112,126.9741
198.98.57.74,2025-10-03 07:36:37,40.6063,-74.1774
93.95.231.14,2025-10-03 07:08:03,65.0,-18.0
198.98.62.158,2025-10-03 07:37:51,40.6063,-74.1774
152.53.53.243,2025-10-03 07:34:21,37.751,-97.822
45.84.107.222,2025-10-03 07:43:51,51.2993,9.491
45.84.107.55,2025-10-03 07:44:09,51.2993,9.491
45.84.107.74,2025-10-03 07:43:48,51.2993,9.491
45.84.107.172,2025-10-03 07:44:49,51.2993,9.491
45.84.107.47,2025-10-03 07:33:25,51.2993,9.491
45.84.107.33,2025-10-03 07:45:12,51.2993,9.491
185.247.184.105,2025-10-03 07:26:09,55.7386,37.6068
104.254.90.195,2025-10-03 07:19:33,43.6028,-79.653
176.65.149.87,2025-10-03 07:22:13,51.2993,9.491
205.185.116.215,2025-10-03 07:41:33,36.102,-115.1447
176.65.149.88,2025-10-03 07:37:01,51.2993,9.491
193.237.221.228,2025-10-03 07:18:32,51.4964,-0.1224
198.98.57.151,2025-10-03 07:12:14,40.6063,-74.1774
205.185.113.8,2025-10-03 07:22:02,36.102,-115.1447
209.141.45.141,2025-10-03 07:36:00,36.102,-115.1447
83.217.9.73,2025-10-03 07:33:26,55.7482,37.6177
37.77.56.238,2025-10-03 07:21:28,52.3824,4.8995
176.65.148.3,2025-10-03 07:20:39,51.2993,9.491
176.65.149.96,2025-10-03 07:29:59,51.2993,9.491
195.47.238.176,2025-10-03 07:24:50,57.7065,11.967
195.47.238.91,2025-10-03 07:45:08,57.7065,11.967
209.141.40.68,2025-10-03 07:19:46,36.102,-115.1447
205.185.121.177,2025-10-03 06:20:06,36.102,-115.1447
209.141.34.15,2025-10-03 07:19:55,36.102,-115.1447
209.141.58.254,2025-10-03 06:09:20,36.102,-115.1447
109.104.153.22,2025-10-03 07:19:08,41.0,20.0
185.150.28.13,2025-10-03 07:05:45,47.1449,8.1551
185.40.4.121,2025-10-03 07:10:33,55.9155,37.8263
45.84.107.17,2025-10-03 07:45:05,51.2993,9.491
45.84.107.97,2025-10-03 07:38:45,51.2993,9.491
45.84.107.128,2025-10-03 07:45:30,51.2993,9.491
31.44.238.25,2025-10-03 07:29:46,56.8746,14.8124
103.28.52.93,2025-10-03 07:38:12,-6.1728,106.8272
46.234.47.105,2025-10-03 07:01:16,47.1685,8.5035
37.228.129.189,2025-10-03 07:15:45,60.1717,24.9349
204.8.96.120,2025-10-03 07:41:50,37.751,-97.822
176.65.149.100,2025-10-03 07:09:49,51.2993,9.491
37.221.208.71,2025-10-03 07:32:23,47.4919,19.05
93.95.227.37,2025-10-03 07:15:10,65.0,-18.0
185.254.196.141,2025-10-03 07:14:00,40.7503,-74.0014
172.233.82.41,2025-10-03 07:29:00,37.751,-97.822
172.104.186.73,2025-10-03 07:26:18,1.3036,103.8554
107.189.3.11,2025-10-03 07:01:55,49.6113,6.1294
103.146.203.11,2025-10-03 07:24:35,-6.9214,106.9259
23.151.8.8,2025-10-03 07:16:10,,
166.70.207.2,2025-10-03 06:20:13,40.3119,-111.6959
178.17.170.23,2025-10-03 07:01:51,47.0042,28.8574
198.46.166.157,2025-10-03 07:04:53,37.751,-97.822
31.184.236.104,2025-10-03 07:20:51,55.7386,37.6068
84.211.224.201,2025-10-03 07:13:20,59.955,10.859
172.232.209.254,2025-10-03 07:07:35,37.751,-97.822
45.95.169.109,2025-10-03 07:31:43,45.4675,16.3868
172.105.20.12,2025-10-03 07:18:36,43.6547,-79.3623
161.129.68.162,2025-10-03 07:43:23,32.8137,-96.8704
45.84.107.54,2025-10-03 07:37:56,51.2993,9.491
45.95.169.104,2025-10-03 07:43:29,45.4675,16.3868
93.123.109.116,2025-10-03 07:44:05,42.696,23.332
152.32.206.127,2025-10-03 07:04:38,38.9609,-77.3429
84.19.182.20,2025-10-03 07:11:14,51.2993,9.491
89.147.110.82,2025-10-03 07:22:42,47.4919,19.05
103.193.179.233,2025-10-03 06:08:20,,
178.17.171.102,2025-10-03 07:08:36,47.0042,28.8574
193.189.100.195,2025-10-03 07:35:06,51.4964,-0.1224
193.189.100.200,2025-10-03 07:39:21,51.4964,-0.1224
193.189.100.194,2025-10-03 07:24:05,51.4964,-0.1224
193.189.100.197,2025-10-03 07:32:37,51.4964,-0.1224
193.189.100.196,2025-10-03 07:35:39,51.4964,-0.1224
193.189.100.199,2025-10-03 07:30:05,51.4964,-0.1224
193.189.100.198,2025-10-03 07:31:15,51.4964,-0.1224
194.87.55.98,2025-10-03 07:33:13,50.0853,14.411
92.246.84.133,2025-10-03 07:27:03,51.2993,9.491
54.36.108.162,2025-10-03 07:31:13,48.8582,2.3387
125.253.56.119,2025-10-03 07:44:40,-27.4719,153.0196
57.128.220.107,2025-10-03 07:17:45,48.8582,2.3387
178.20.55.182,2025-10-03 07:45:07,45.6162,6.7779
178.20.55.16,2025-10-03 07:44:48,45.6162,6.7779
185.220.101.96,2025-10-03 07:42:15,51.2993,9.491
185.220.101.103,2025-10-03 07:38:05,51.2993,9.491
185.220.101.104,2025-10-03 07:33:39,51.2993,9.491
185.220.101.102,2025-10-03 07:19:06,51.2993,9.491
185.220.101.108,2025-10-03 07:27:33,51.2993,9.491
185.220.101.100,2025-10-03 07:36:56,51.2993,9.491
185.220.101.97,2025-10-03 07:11:38,51.2993,9.491
185.220.101.105,2025-10-03 07:11:16,51.2993,9.491
185.220.101.110,2025-10-03 07:35:52,51.2993,9.491
185.220.101.106,2025-10-03 07:21:41,51.2993,9.491
185.220.101.101,2025-10-03 07:41:29,51.2993,9.491
185.220.101.99,2025-10-03 07:43:27,51.2993,9.491
185.220.101.109,2025-10-03 07:16:17,51.2993,9.491
185.220.101.107,2025-10-03 07:36:44,51.2993,9.491
185.220.101.98,2025-10-03 07:17:02,51.2993,9.491
185.241.208.185,2025-10-03 07:32:49,52.3824,4.8995
2.58.56.93,2025-10-03 07:45:22,48.7855,2.1971
45.138.16.164,2025-10-03 07:43:06,52.3824,4.8995
185.247.184.33,2025-10-03 07:40:22,55.7386,37.6068
209.141.51.30,2025-10-03 07:21:52,36.102,-115.1447
205.185.113.180,2025-10-03 07:35:20,36.102,-115.1447
176.65.148.133,2025-10-03 07:00:50,51.2993,9.491
45.84.107.174,2025-10-03 07:44:59,51.2993,9.491
107.189.12.7,2025-10-03 07:28:42,49.6113,6.1294
194.15.113.118,2025-10-03 07:12:08,51.4964,-0.1224
178.218.144.64,2025-10-03 07:35:46,45.4722,9.1922
199.195.248.168,2025-10-03 07:36:30,40.6063,-74.1774
103.20.241.102,2025-10-03 07:11:21,,
198.50.212.160,2025-10-03 07:37:07,43.6319,-79.3716
45.138.16.230,2025-10-03 07:37:52,52.3824,4.8995
45.80.158.167,2025-10-03 07:35:42,52.3824,4.8995
37.228.129.63,2025-10-03 07:39:14,60.1717,24.9349
5.2.79.190,2025-10-03 07:30:03,52.3824,4.8995
45.133.74.53,2025-10-03 07:16:32,41.9032,-87.6383
62.72.47.105,2025-10-03 07:33:12,37.751,-97.822
46.250.243.29,2025-10-03 07:42:58,51.4964,-0.1224
185.67.82.114,2025-10-03 07:01:36,60.1719,24.9347
37.228.129.5,2025-10-03 07:45:13,60.1717,24.9349
171.25.193.131,2025-10-03 07:45:51,59.3247,18.056
45.91.250.107,2025-10-03 07:12:15,39.018,-77.539
62.171.137.169,2025-10-03 07:29:49,49.405,11.1617
198.98.61.60,2025-10-03 07:30:46,40.6063,-74.1774
149.102.153.38,2025-10-03 07:43:57,37.751,-97.822
154.53.58.161,2025-10-03 07:39:57,47.6034,-122.3414
45.148.10.111,2025-10-03 07:44:06,52.3759,4.8975
204.194.29.4,2025-10-03 07:12:08,37.751,-97.822
5.104.84.183,2025-10-03 07:38:52,60.1717,24.9349
38.135.24.32,2025-10-03 07:08:43,41.6047,-72.8813
38.135.24.31,2025-10-03 07:45:23,41.6047,-72.8813
38.135.24.30,2025-10-03 07:09:20,41.6047,-72.8813
185.113.128.30,2025-10-03 07:12:00,51.5164,-0.093
38.135.24.72,2025-10-03 07:45:02,41.6047,-72.8813
107.189.8.70,2025-10-03 07:11:47,49.6113,6.1294
46.38.243.210,2025-10-01 10:04:18,51.2993,9.491
45.9.168.192,2025-10-03 07:08:28,47.4919,19.05
144.126.133.74,2025-10-03 07:41:50,38.6287,-90.1988
45.9.156.101,2025-10-03 07:34:14,39.0469,-77.4903
124.198.131.223,2025-10-03 07:40:43,-42.0,174.0
45.141.215.200,2025-10-03 07:34:45,45.4722,9.1922
74.82.47.194,2025-10-03 07:25:23,39.6906,-111.8404
66.94.111.228,2025-10-03 07:44:19,37.751,-97.822
179.43.128.16,2025-10-03 07:21:45,47.3682,8.5671
94.72.104.135,2025-10-03 07:43:53,51.222,22.7024
77.48.28.204,2025-10-03 07:11:30,50.099,17.7226
77.48.28.237,2025-10-03 07:32:37,50.099,17.7226
57.129.91.235,2025-10-03 07:25:13,48.8582,2.3387
5.255.101.10,2025-10-03 07:06:05,52.3824,4.8995
185.247.226.95,2025-10-03 07:33:25,-4.5833,55.6667
131.72.79.38,2025-10-03 06:34:39,10.2732,-61.3847
72.5.43.62,2025-10-03 07:29:28,37.751,-97.822
124.198.132.237,2025-10-03 07:41:02,-42.0,174.0
193.26.115.140,2025-10-03 07:39:08,50.1084,8.6841
203.55.81.1,2025-10-03 07:40:22,-33.494,143.2104
203.55.81.2,2025-10-03 07:39:52,-33.494,143.2104
206.166.251.193,2025-10-03 07:08:22,52.3759,4.8975
87.120.254.132,2025-10-03 07:16:39,42.696,23.332
37.114.63.5,2025-10-03 07:13:47,51.2993,9.491
37.114.50.124,2025-10-03 07:39:25,51.2993,9.491
109.71.252.182,2025-10-03 07:04:29,51.2993,9.491
37.114.50.142,2025-10-03 07:01:35,51.2993,9.491
37.114.50.18,2025-10-03 07:19:22,51.2993,9.491
109.71.252.97,2025-10-03 07:44:43,51.2993,9.491
109.71.252.88,2025-10-03 07:03:41,51.2993,9.491
45.13.225.69,2025-10-03 07:25:32,51.2993,9.491
37.114.50.27,2025-10-03 07:43:15,51.2993,9.491
45.13.225.78,2025-10-03 07:07:01,51.2993,9.491
5.253.247.27,2025-10-03 07:20:25,51.5064,-0.02
185.104.120.30,2025-10-03 07:40:27,51.4032,-0.9207
185.104.120.40,2025-10-03 05:29:34,51.4032,-0.9207
51.91.18.151,2025-10-03 07:06:21,48.8323,2.4075
185.227.68.78,2025-10-03 07:21:36,60.1816,24.8368
45.137.70.158,2025-10-03 06:41:41,51.2993,9.491
94.74.164.89,2025-10-03 07:36:42,35.698,51.4115
23.129.64.132,2025-10-03 07:35:42,37.751,-97.822
23.129.64.135,2025-10-03 06:01:18,37.751,-97.822
23.129.64.144,2025-10-03 07:10:09,37.751,-97.822
23.129.64.148,2025-10-03 07:18:12,37.751,-97.822
23.129.64.131,2025-10-03 07:41:07,37.751,-97.822
23.129.64.146,2025-10-03 07:42:34,37.751,-97.822
23.129.64.150,2025-10-03 07:38:39,37.751,-97.822
23.129.64.143,2025-10-03 07:03:49,37.751,-97.822
23.129.64.151,2025-10-03 07:35:50,37.751,-97.822
23.129.64.140,2025-10-03 07:11:25,37.751,-97.822
23.129.64.134,2025-10-03 07:42:06,37.751,-97.822
23.129.64.147,2025-10-03 07:32:16,37.751,-97.822
23.129.64.153,2025-10-03 07:16:07,37.751,-97.822
23.129.64.139,2025-10-03 07:01:11,37.751,-97.822
23.129.64.138,2025-10-03 07:44:44,37.751,-97.822
23.129.64.137,2025-10-03 07:00:33,37.751,-97.822
23.129.64.133,2025-10-03 07:29:41,37.751,-97.822
23.129.64.149,2025-10-03 07:06:02,37.751,-97.822
23.129.64.142,2025-10-03 06:46:15,37.751,-97.822
23.129.64.136,2025-10-03 06:38:00,37.751,-97.822
23.129.64.145,2025-10-03 07:32:57,37.751,-97.822
23.129.64.152,2025-10-03 07:17:09,37.751,-97.822
23.129.64.141,2025-10-03 07:18:55,37.751,-97.822
43.160.194.14,2025-10-03 07:16:37,34.7732,113.722
180.150.226.99,2025-10-03 07:01:23,37.5112,126.9741
72.211.49.235,2025-10-03 07:01:41,32.7994,-117.1686
82.118.248.205,2025-10-03 07:01:17,42.6951,23.325
23.137.254.244,2025-10-03 07:39:34,,
45.79.144.222,2025-10-03 07:16:16,40.8229,-74.4592
80.94.92.135,2025-10-03 07:41:32,45.9968,24.997
80.94.92.99,2025-10-03 07:41:50,45.9968,24.997
109.69.67.17,2025-10-03 07:15:43,51.2993,9.491
195.47.238.177,2025-10-03 07:26:55,57.7065,11.967
5.255.110.120,2025-10-03 07:35:11,52.3824,4.8995
185.246.188.115,2025-10-03 07:34:33,-4.5833,55.6667
162.220.14.54,2025-10-03 07:14:49,34.0485,-118.2529
152.53.106.19,2025-10-03 07:40:17,37.751,-97.822
23.137.248.100,2025-10-03 07:20:57,,
185.100.87.166,2025-10-03 07:30:22,44.4117,26.0422
162.220.14.78,2025-10-03 07:30:27,34.0485,-118.2529
45.9.148.50,2025-10-03 07:04:37,52.3759,4.8975
124.198.131.62,2025-10-03 07:32:42,-42.0,174.0
195.47.238.93,2025-10-03 07:39:12,57.7065,11.967
95.163.176.177,2025-10-03 07:27:41,55.7386,37.6068
38.135.24.33,2025-10-03 07:44:31,41.6047,-72.8813
192.159.99.168,2025-10-03 07:33:05,51.5164,-0.093
86.54.28.49,2025-10-03 07:43:30,51.4964,-0.1224
192.159.99.74,2025-10-03 07:45:05,51.5164,-0.093
5.255.118.151,2025-10-03 07:10:15,52.3824,4.8995
185.193.52.180,2025-10-03 07:29:32,45.9968,24.997
45.88.186.89,2025-10-03 07:44:29,39.0019,-77.4556
185.220.101.135,2025-10-03 07:15:54,51.2993,9.491
185.220.101.174,2025-10-03 07:42:22,51.2993,9.491
185.220.101.189,2025-10-03 07:12:38,51.2993,9.491
185.220.101.129,2025-10-03 07:25:04,51.2993,9.491
185.220.101.130,2025-10-03 07:36:03,51.2993,9.491
185.220.101.190,2025-10-03 07:05:50,51.2993,9.491
185.220.101.151,2025-10-03 07:07:29,51.2993,9.491
185.220.101.179,2025-10-03 07:01:21,51.2993,9.491
185.220.101.167,2025-10-03 07:11:56,51.2993,9.491
185.220.101.164,2025-10-03 07:16:21,51.2993,9.491
185.220.101.172,2025-10-03 07:07:21,51.2993,9.491
185.220.101.133,2025-10-03 07:18:14,51.2993,9.491
185.220.101.156,2025-10-03 07:33:32,51.2993,9.491
185.220.101.173,2025-10-03 07:30:08,51.2993,9.491
185.220.101.185,2025-10-03 07:31:03,51.2993,9.491
185.220.101.131,2025-10-03 07:09:46,51.2993,9.491
185.220.101.176,2025-10-03 07:13:09,51.2993,9.491
185.220.101.138,2025-10-03 07:23:36,51.2993,9.491
185.220.101.149,2025-10-03 07:40:49,51.2993,9.491
185.220.101.144,2025-10-03 07:28:50,51.2993,9.491
185.220.101.160,2025-10-03 07:05:32,51.2993,9.491
185.220.101.145,2025-10-03 07:01:59,51.2993,9.491
185.220.101.153,2025-10-03 07:37:13,51.2993,9.491
185.220.101.175,2025-10-03 07:17:41,51.2993,9.491
185.220.101.137,2025-10-03 07:38:31,51.2993,9.491
185.220.101.183,2025-10-03 07:04:00,51.2993,9.491
185.220.101.166,2025-10-03 07:12:12,51.2993,9.491
185.220.101.180,2025-10-03 07:39:53,51.2993,9.491
185.220.101.182,2025-10-03 07:25:37,51.2993,9.491
185.220.101.170,2025-10-03 07:10:27,51.2993,9.491
185.220.101.162,2025-10-03 07:33:52,51.2993,9.491
185.220.101.152,2025-10-03 07:05:20,51.2993,9.491
185.220.101.169,2025-10-03 07:18:21,51.2993,9.491
185.220.101.157,2025-10-03 07:16:29,51.2993,9.491
185.220.101.191,2025-10-03 07:28:46,51.2993,9.491
185.220.101.143,2025-10-03 07:40:02,51.2993,9.491
185.220.101.187,2025-10-03 07:44:36,51.2993,9.491
185.220.101.136,2025-10-03 06:40:26,51.2993,9.491
185.220.101.165,2025-10-03 07:35:43,51.2993,9.491
185.220.101.155,2025-10-03 07:03:13,51.2993,9.491
185.220.101.186,2025-10-03 07:05:12,51.2993,9.491
185.220.101.132,2025-10-03 07:14:48,51.2993,9.491
185.220.101.139,2025-10-03 07:26:41,51.2993,9.491
185.220.101.154,2025-10-03 07:14:59,51.2993,9.491
185.220.101.163,2025-10-03 07:20:25,51.2993,9.491
185.220.101.147,2025-10-03 07:32:29,51.2993,9.491
185.220.101.140,2025-10-03 07:19:58,51.2993,9.491
185.220.101.146,2025-10-03 07:16:41,51.2993,9.491
185.220.101.188,2025-10-03 07:43:41,51.2993,9.491
83.147.17.190,2025-10-03 07:05:14,40.4172,-3.684
124.198.132.13,2025-10-03 07:34:07,-42.0,174.0
45.143.200.32,2025-10-03 07:43:40,55.7386,37.6068
5.255.101.131,2025-10-03 07:08:56,52.3824,4.8995
118.163.74.160,2025-10-03 06:15:07,24.9389,121.5422
194.15.36.117,2025-10-03 07:43:32,51.2993,9.491
220.135.36.173,2025-10-03 07:42:19,24.9389,121.5422
149.202.79.101,2025-10-03 07:41:37,48.8582,2.3387
66.78.40.146,2025-10-02 09:02:04,39.7356,-75.5516
193.26.115.82,2025-10-03 07:34:19,50.1084,8.6841
185.233.100.23,2025-10-03 07:04:36,48.8582,2.3387
171.25.193.38,2025-10-03 07:37:04,59.3247,18.056
171.25.193.37,2025-10-03 07:37:44,59.3247,18.056
171.25.193.36,2025-10-03 07:41:16,59.3247,18.056
171.25.193.35,2025-10-03 07:34:38,59.3247,18.056
176.58.89.182,2025-10-03 07:23:22,52.3891,4.6563
198.98.57.218,2025-10-03 07:07:01,40.6063,-74.1774
85.93.31.31,2025-10-03 07:41:27,51.2993,9.491
57.128.212.103,2025-10-03 07:14:54,48.8582,2.3387
23.129.64.163,2025-10-03 07:34:54,37.751,-97.822
23.129.64.164,2025-10-03 07:24:26,37.751,-97.822
23.129.64.165,2025-10-03 07:42:08,37.751,-97.822
23.129.64.154,2025-10-03 07:45:32,37.751,-97.822
23.129.64.159,2025-10-03 07:44:40,37.751,-97.822
23.129.64.155,2025-10-03 07:04:07,37.751,-97.822
23.129.64.156,2025-10-03 07:09:02,37.751,-97.822
23.129.64.162,2025-10-03 07:45:49,37.751,-97.822
23.129.64.157,2025-10-03 07:12:37,37.751,-97.822
23.129.64.130,2025-10-03 07:30:35,37.751,-97.822
23.129.64.158,2025-10-03 07:15:37,37.751,-97.822
23.129.64.160,2025-10-03 07:06:48,37.751,-97.822
23.129.64.161,2025-10-03 06:33:19,37.751,-97.822
91.149.243.111,2025-10-03 07:38:55,41.8874,-87.6318
209.141.41.25,2025-10-03 07:03:41,36.102,-115.1447
195.160.220.104,2025-10-03 06:20:49,50.4522,30.5287
107.189.8.181,2025-10-03 07:33:50,49.6113,6.1294
107.189.8.16,2025-10-03 07:39:59,49.6113,6.1294
107.189.31.187,2025-10-03 07:36:17,49.6113,6.1294
107.189.3.94,2025-10-03 07:07:53,49.6113,6.1294
107.189.3.148,2025-10-03 07:32:52,49.6113,6.1294
74.208.79.7,2025-10-03 07:39:46,37.751,-97.822
80.253.251.56,2025-10-03 07:37:38,-4.5833,55.6667
171.25.193.40,2025-10-03 07:44:19,59.3247,18.056
171.25.193.39,2025-10-03 07:40:16,59.3247,18.056
107.189.7.168,2025-10-03 07:37:56,49.6113,6.1294
31.220.75.237,2025-10-03 07:23:52,38.2389,-0.7928
107.189.30.86,2025-10-03 07:21:29,49.6113,6.1294
38.135.25.143,2025-10-03 07:06:13,41.6047,-72.8813
38.135.25.144,2025-10-03 07:26:56,41.6047,-72.8813
38.135.25.141,2025-10-03 07:20:33,41.6047,-72.8813
38.135.25.142,2025-10-03 07:39:32,41.6047,-72.8813
64.190.113.221,2025-10-03 07:13:47,41.5346,2.1864
45.141.215.56,2025-10-03 07:41:44,45.4722,9.1922
107.189.5.249,2025-10-03 07:34:00,49.6113,6.1294
178.17.174.164,2025-10-03 07:32:00,47.0042,28.8574
104.244.79.50,2025-10-03 07:41:22,49.6113,6.1294
107.189.8.133,2025-10-03 07:21:33,49.6113,6.1294
107.189.14.4,2025-10-03 07:27:50,49.6113,6.1294
107.189.30.236,2025-10-03 07:09:13,49.6113,6.1294
104.244.73.43,2025-10-03 06:02:37,49.7855,6.1001
107.189.4.209,2025-10-03 07:23:27,49.6113,6.1294
107.189.8.226,2025-10-03 07:45:41,49.6113,6.1294
104.244.79.44,2025-10-03 07:33:12,49.6113,6.1294
107.189.1.9,2025-10-03 07:39:23,49.6113,6.1294
107.189.1.160,2025-10-03 07:12:50,49.6113,6.1294
104.244.74.97,2025-10-03 07:05:30,49.6113,6.1294
107.189.7.144,2025-10-03 07:43:53,49.6113,6.1294
107.189.11.111,2025-10-03 07:23:15,49.6113,6.1294
104.244.73.193,2025-10-03 07:22:13,49.6113,6.1294
107.189.5.121,2025-10-03 07:08:24,49.6113,6.1294
107.189.10.175,2025-10-03 07:44:57,49.7895,6.0679
104.244.73.136,2025-10-03 07:14:29,49.6113,6.1294
107.189.4.12,2025-10-03 07:18:53,49.6113,6.1294
104.244.79.61,2025-10-03 07:39:31,49.6113,6.1294
104.244.78.233,2025-10-03 07:40:24,49.6113,6.1294
107.189.13.253,2025-10-03 07:15:06,49.6113,6.1294
107.189.8.56,2025-10-03 07:42:43,49.6113,6.1294
104.244.73.190,2025-10-03 07:40:36,49.6113,6.1294
107.189.12.3,2025-10-03 07:22:43,49.6113,6.1294
104.244.77.208,2025-10-03 07:02:39,49.6113,6.1294
104.244.72.132,2025-10-03 07:34:58,49.6113,6.1294
107.189.5.7,2025-10-03 07:29:40,49.6113,6.1294
107.189.31.33,2025-10-03 07:35:20,49.6113,6.1294
185.225.69.187,2025-10-03 07:40:42,47.4919,19.05
104.167.241.4,2025-10-03 07:24:11,8.4928,-13.2351
88.80.20.86,2025-10-03 07:01:41,59.3247,18.056
216.9.224.232,2025-10-03 07:35:47,37.751,-97.822
109.237.27.11,2025-10-03 07:07:54,51.5164,-0.093
103.253.24.18,2025-10-03 07:24:31,1.3673,103.8014
107.189.7.141,2025-10-03 07:22:16,49.6113,6.1294
162.19.7.11,2025-10-03 07:21:05,48.8582,2.3387
77.48.28.193,2025-10-03 07:00:45,50.099,17.7226
62.133.45.2,2025-10-03 07:41:40,44.4152,26.166
107.189.6.124,2025-10-03 07:28:13,49.6113,6.1294
45.154.98.33,2025-10-03 07:01:37,22.2908,114.1501
160.187.148.71,2025-10-03 07:32:10,,
107.189.5.188,2025-10-03 07:42:14,49.6113,6.1294
154.26.159.157,2025-10-03 07:45:29,37.751,-97.822
37.48.70.156,2025-10-03 07:36:59,52.3109,4.8151
102.211.56.200,2025-10-03 07:36:36,,
196.196.200.100,2025-10-03 07:24:31,60.1792,24.9337
152.53.184.161,2025-10-03 07:03:45,37.751,-97.822
107.189.1.175,2025-10-03 07:36:31,49.6113,6.1294
141.98.11.62,2025-10-03 07:12:07,55.4167,24.0
195.246.231.197,2025-10-03 07:31:33,48.8582,2.3387
45.84.107.200,2025-10-03 07:39:11,51.2993,9.491
93.123.109.44,2025-10-03 07:39:05,42.696,23.332
87.120.222.33,2025-10-03 07:43:40,42.696,23.332
88.151.192.2,2025-10-03 07:04:41,40.504,47.4997
94.156.152.234,2025-10-03 07:35:42,42.6951,23.325
177.93.140.66,2025-10-03 07:26:24,-22.9145,-42.8233
146.103.43.17,2025-10-03 07:19:09,50.8509,4.3447
164.132.58.8,2025-10-02 10:11:48,48.8582,2.3387
185.100.87.192,2025-10-03 07:36:39,44.4117,26.0422
185.100.85.24,2025-10-03 07:44:29,44.4152,26.166
185.100.87.250,2025-10-03 07:33:06,44.4117,26.0422
185.220.101.12,2025-10-03 07:33:38,51.2993,9.491
185.220.101.6,2025-10-03 07:43:24,51.2993,9.491
185.220.101.11,2025-10-03 07:27:27,51.2993,9.491
185.220.101.7,2025-10-03 07:25:26,51.2993,9.491
185.220.101.1,2025-10-03 07:33:38,51.2993,9.491
185.220.101.16,2025-10-03 07:39:34,51.2993,9.491
185.220.101.9,2025-10-03 07:28:48,51.2993,9.491
185.220.101.15,2025-10-03 07:14:32,51.2993,9.491
185.220.101.13,2025-10-03 07:18:53,51.2993,9.491
185.220.101.8,2025-10-03 07:44:51,51.2993,9.491
185.220.101.19,2025-10-03 07:29:36,51.2993,9.491
185.220.101.10,2025-10-03 07:24:24,51.2993,9.491
185.220.101.3,2025-10-03 07:13:12,51.2993,9.491
185.220.101.20,2025-10-03 07:32:27,51.2993,9.491
185.220.101.2,2025-10-03 07:40:50,51.2993,9.491
185.220.101.17,2025-10-03 07:28:52,51.2993,9.491
185.220.101.5,2025-10-03 07:44:39,51.2993,9.491
185.220.101.4,2025-10-03 07:45:46,51.2993,9.491
185.220.101.21,2025-10-03 07:44:34,51.2993,9.491
185.220.101.14,2025-10-03 07:39:11,51.2993,9.491
185.220.101.18,2025-10-03 07:41:11,51.2993,9.491
104.244.72.115,2025-10-03 07:18:39,49.6113,6.1294
193.189.100.202,2025-10-03 07:40:33,51.4964,-0.1224
193.189.100.203,2025-10-03 07:31:27,51.4964,-0.1224
193.189.100.204,2025-10-03 07:27:00,51.4964,-0.1224
193.189.100.206,2025-10-03 07:42:02,51.4964,-0.1224
193.189.100.201,2025-10-03 07:23:19,51.4964,-0.1224
193.189.100.205,2025-10-03 07:45:16,51.4964,-0.1224
185.220.101.25,2025-10-03 07:37:48,51.2993,9.491
185.220.101.30,2025-10-03 07:34:04,51.2993,9.491
185.220.101.0,2025-10-03 07:38:50,51.2993,9.491
185.220.101.24,2025-10-03 07:26:10,51.2993,9.491
185.220.101.29,2025-10-03 07:39:07,51.2993,9.491
185.220.101.26,2025-10-03 07:38:33,51.2993,9.491
185.220.101.31,2025-10-03 07:38:39,51.2993,9.491
185.220.101.27,2025-10-03 07:34:43,51.2993,9.491
185.220.101.23,2025-10-03 07:44:49,51.2993,9.491
185.220.101.22,2025-10-03 07:17:41,51.2993,9.491
185.220.101.28,2025-10-03 07:41:41,51.2993,9.491
204.85.191.9,2025-10-03 07:25:26,35.9153,-79.0386
104.36.80.7,2025-10-03 07:10:09,43.6547,-79.3623
94.16.121.91,2025-10-03 07:18:57,48.2048,16.3801
185.252.232.218,2025-10-03 07:40:42,51.2184,6.7734
188.68.36.28,2025-10-03 07:28:41,53.1564,11.0018
45.38.20.123,2025-10-03 07:11:22,37.751,-97.822
45.137.99.16,2025-10-03 07:25:12,-23.5335,-46.6359
185.104.120.10,2025-10-02 15:29:56,51.4032,-0.9207
82.153.138.7,2025-10-03 07:38:36,51.4968,-0.3776
45.138.16.107,2025-10-03 07:42:29,52.3824,4.8995
185.129.61.129,2025-10-03 07:43:18,55.7123,12.0564
23.129.64.174,2025-10-03 07:05:58,37.751,-97.822
23.129.64.171,2025-10-03 07:35:16,37.751,-97.822
23.129.64.186,2025-10-03 07:43:03,37.751,-97.822
23.129.64.176,2025-10-03 07:14:03,37.751,-97.822
23.129.64.166,2025-10-03 07:35:14,37.751,-97.822
23.129.64.191,2025-10-03 07:24:20,37.751,-97.822
23.129.64.184,2025-10-03 07:15:42,37.751,-97.822
23.129.64.192,2025-10-03 07:04:08,37.751,-97.822
23.129.64.187,2025-10-03 07:20:26,37.751,-97.822
23.129.64.172,2025-10-03 07:32:16,37.751,-97.822
23.129.64.189,2025-10-03 07:13:38,37.751,-97.822
23.129.64.175,2025-10-03 07:35:58,37.751,-97.822
23.129.64.168,2025-10-03 07:10:02,37.751,-97.822
23.129.64.167,2025-10-03 07:37:16,37.751,-97.822
23.129.64.185,2025-10-03 07:03:51,37.751,-97.822
23.129.64.180,2025-10-03 07:35:33,37.751,-97.822
23.129.64.178,2025-10-03 07:11:02,37.751,-97.822
23.129.64.190,2025-10-03 07:38:43,37.751,-97.822
23.129.64.170,2025-10-03 07:34:25,37.751,-97.822
23.129.64.177,2025-10-03 07:14:06,37.751,-97.822
23.129.64.179,2025-10-03 07:08:46,37.751,-97.822
23.129.64.181,2025-10-03 07:15:29,37.751,-97.822
23.129.64.169,2025-10-03 07:17:18,37.751,-97.822
23.129.64.193,2025-10-03 07:11:53,37.751,-97.822
23.129.64.182,2025-10-03 07:15:57,37.751,-97.822
23.129.64.183,2025-10-03 07:28:04,37.751,-97.822
23.129.64.188,2025-10-03 06:31:25,37.751,-97.822
45.61.185.172,2025-10-03 07:23:42,25.7806,-80.1826
199.195.253.156,2025-10-03 07:40:22,40.6063,-74.1774
23.129.64.217,2025-10-03 07:18:57,37.751,-97.822
23.129.64.222,2025-10-03 07:41:05,37.751,-97.822
23.129.64.201,2025-10-03 07:24:43,37.751,-97.822
23.129.64.198,2025-10-03 07:27:10,37.751,-97.822
23.129.64.218,2025-10-03 07:11:44,37.751,-97.822
23.129.64.219,2025-10-03 07:13:29,37.751,-97.822
23.129.64.225,2025-10-03 07:12:11,37.751,-97.822
23.129.64.214,2025-10-03 07:43:37,37.751,-97.822
23.129.64.212,2025-10-03 07:40:29,37.751,-97.822
23.129.64.206,2025-10-03 07:44:09,37.751,-97.822
23.129.64.209,2025-10-03 07:40:37,37.751,-97.822
23.129.64.216,2025-10-03 07:31:48,37.751,-97.822
23.129.64.223,2025-10-03 07:07:15,37.751,-97.822
23.129.64.203,2025-10-03 07:29:13,37.751,-97.822
23.129.64.224,2025-10-03 07:14:18,37.751,-97.822
23.129.64.204,2025-10-03 07:07:00,37.751,-97.822
23.129.64.211,2025-10-03 07:18:20,37.751,-97.822
23.129.64.213,2025-10-03 07:21:18,37.751,-97.822
23.129.64.194,2025-10-03 07:45:50,37.751,-97.822
23.129.64.215,2025-10-03 07:24:47,37.751,-97.822
23.129.64.221,2025-10-03 07:44:21,37.751,-97.822
23.129.64.202,2025-10-03 07:19:48,37.751,-97.822
23.129.64.207,2025-10-03 07:44:53,37.751,-97.822
23.129.64.196,2025-10-03 07:17:51,37.751,-97.822
23.129.64.200,2025-10-03 07:40:11,37.751,-97.822
23.129.64.195,2025-10-03 07:43:33,37.751,-97.822
23.129.64.173,2025-10-03 07:41:26,37.751,-97.822
23.129.64.199,2025-10-03 07:28:38,37.751,-97.822
23.129.64.205,2025-10-03 07:17:17,37.751,-97.822
23.129.64.208,2025-10-03 07:45:35,37.751,-97.822
23.129.64.210,2025-10-03 07:38:05,37.751,-97.822
23.129.64.220,2025-10-03 07:36:33,37.751,-97.822
23.129.64.197,2025-10-03 07:01:37,37.751,-97.822
185.177.238.9,2025-10-03 07:40:26,39.952,-75.1814
107.175.93.157,2025-10-03 07:35:38,37.751,-97.822
176.65.134.4,2025-10-03 07:40:11,51.2993,9.491
45.141.215.88,2025-10-03 07:42:15,45.4722,9.1922
45.141.215.90,2025-10-03 07:43:07,45.4722,9.1922
45.141.215.111,2025-10-03 07:36:56,45.4722,9.1922
198.167.206.232,2025-10-03 07:15:31,59.3247,18.056
198.167.206.237,2025-10-02 14:34:18,59.3247,18.056
198.167.206.197,2025-10-01 14:09:49,59.3247,18.056
93.94.51.243,2025-10-03 07:31:27,33.0,44.0
45.58.190.74,2025-10-03 07:26:25,37.751,-97.822
209.141.50.249,2025-10-03 07:43:05,36.102,-115.1447
45.137.99.182,2025-10-03 07:03:28,-23.5335,-46.6359
23.191.200.2,2025-10-03 07:30:41,37.751,-97.822
23.191.200.28,2025-10-03 07:32:57,37.751,-97.822
23.191.200.3,2025-10-03 05:37:36,37.751,-97.822
23.191.200.30,2025-10-03 02:28:51,37.751,-97.822
23.191.200.29,2025-10-03 06:30:45,37.751,-97.822
23.191.200.4,2025-10-02 21:43:37,37.751,-97.822
23.191.200.6,2025-10-03 07:08:43,37.751,-97.822
23.191.200.5,2025-10-03 05:04:35,37.751,-97.822
23.191.200.31,2025-10-03 06:23:35,37.751,-97.822
79.100.12.71,2025-10-03 07:03:00,42.6951,23.325
213.111.150.96,2025-10-03 07:14:36,48.4707,38.8222
96.8.119.172,2025-10-03 07:26:53,37.751,-97.822
5.255.127.222,2025-10-03 07:15:04,52.3824,4.8995
23.191.200.27,2025-10-03 04:44:09,37.751,-97.822
143.20.64.235,2025-10-03 07:23:48,37.751,-97.822
37.228.129.168,2025-10-03 07:42:23,60.1717,24.9349
37.46.196.22,2025-10-03 07:26:23,25.7806,-80.1826
51.161.198.74,2025-10-03 06:09:38,43.6319,-79.3716
45.141.215.238,2025-10-03 07:36:51,45.4722,9.1922
45.80.158.93,2025-10-03 07:39:26,52.3824,4.8995
45.80.158.75,2025-10-03 07:37:35,52.3824,4.8995
185.156.72.7,2025-10-03 07:43:11,55.7386,37.6068
185.40.4.143,2025-10-03 07:44:24,55.9155,37.8263
185.120.16.176,2025-10-03 07:31:12,50.1049,8.6295
82.221.131.71,2025-10-03 07:29:43,65.0,-18.0
193.26.115.123,2025-10-03 07:18:41,50.1084,8.6841
194.26.192.177,2025-10-03 07:36:47,51.2993,9.491
5.255.99.147,2025-10-03 07:04:12,52.3824,4.8995
23.191.200.7,2025-10-03 07:27:53,37.751,-97.822
172.105.174.195,2025-10-03 07:31:21,-33.8601,151.2101
23.191.200.17,2025-10-03 07:09:13,37.751,-97.822
23.191.200.22,2025-10-03 07:39:05,37.751,-97.822
23.191.200.20,2025-10-03 07:01:37,37.751,-97.822
23.191.200.25,2025-10-03 07:23:42,37.751,-97.822
23.191.200.13,2025-10-03 07:42:47,37.751,-97.822
23.191.200.14,2025-10-03 07:12:06,37.751,-97.822
23.191.200.23,2025-10-03 07:14:55,37.751,-97.822
23.191.200.18,2025-10-03 07:17:59,37.751,-97.822
23.191.200.9,2025-10-03 07:30:50,37.751,-97.822
23.191.200.10,2025-10-03 07:28:14,37.751,-97.822
23.191.200.11,2025-10-03 07:13:01,37.751,-97.822
23.191.200.12,2025-10-03 07:14:17,37.751,-97.822
23.191.200.24,2025-10-03 07:25:33,37.751,-97.822
23.191.200.21,2025-10-03 07:26:28,37.751,-97.822
23.191.200.26,2025-10-03 07:05:16,37.751,-97.822
23.191.200.15,2025-10-03 07:26:35,37.751,-97.822
23.191.200.8,2025-10-03 07:18:54,37.751,-97.822
23.191.200.19,2025-10-03 07:41:22,37.751,-97.822
23.191.200.16,2025-10-03 07:27:58,37.751,-97.822
185.177.238.26,2025-10-03 07:44:16,39.952,-75.1814
172.81.131.139,2025-10-03 07:30:36,37.751,-97.822
91.227.114.153,2025-10-03 07:13:24,52.3824,4.8995
171.25.193.82,2025-10-03 07:40:45,59.3247,18.056
171.25.193.81,2025-10-03 07:39:21,59.3247,18.056
178.17.58.159,2025-10-03 07:42:42,33.0,44.0
124.198.131.29,2025-10-03 07:44:13,-42.0,174.0
93.99.104.128,2025-10-03 07:21:59,49.0506,17.465
171.25.193.132,2025-10-03 07:45:20,59.3247,18.056
5.255.123.164,2025-10-03 07:24:15,52.3824,4.8995
5.255.115.58,2025-10-03 07:08:01,52.3824,4.8995
31.40.204.206,2025-10-03 07:18:13,39.0814,-77.6443
78.153.150.25,2025-10-02 18:44:13,55.7483,37.6171
82.153.138.125,2025-10-03 07:22:00,51.4968,-0.3776
45.61.188.15,2025-10-03 07:14:19,25.7806,-80.1826
185.120.16.171,2025-10-03 07:05:54,50.1049,8.6295
45.38.20.181,2025-10-02 23:07:07,37.751,-97.822
217.182.75.199,2025-10-03 07:31:30,48.8582,2.3387
208.87.242.7,2025-10-03 07:13:54,37.751,-97.822
204.76.203.203,2025-10-03 07:40:08,37.751,-97.822
216.239.90.19,2025-10-03 07:42:41,45.4995,-73.5848
44.30.4.69,2025-10-03 01:38:44,37.751,-97.822
194.163.157.49,2025-10-03 07:00:35,51.1878,6.8607
23.190.216.8,2025-10-03 07:18:20,37.751,-97.822
87.121.79.9,2025-10-03 07:28:14,42.696,23.332
185.40.4.64,2025-10-01 16:44:11,55.9155,37.8263
45.9.156.161,2025-10-03 07:25:24,39.0469,-77.4903
5.181.177.130,2025-10-03 07:43:56,39.0019,-77.4556
5.181.177.245,2025-10-03 07:34:50,39.0019,-77.4556
151.243.213.150,2025-10-03 07:42:37,35.698,51.4115
104.167.242.117,2025-10-03 07:22:06,1.385,103.7473
104.167.242.118,2025-10-03 07:30:16,1.385,103.7473
82.153.138.241,2025-10-03 07:32:45,51.4968,-0.3776
152.53.210.165,2025-10-03 07:45:54,37.751,-97.822
109.228.160.190,2025-10-03 07:13:21,57.6828,12.2103
93.94.52.229,2025-10-03 07:45:02,33.0,44.0
192.210.136.31,2025-10-03 07:13:07,42.0048,-87.9954
107.173.187.181,2025-10-03 07:25:11,37.751,-97.822
107.172.61.206,2025-10-03 07:04:29,47.6034,-122.3414
124.198.132.52,2025-10-03 07:35:55,-42.0,174.0
78.159.131.103,2025-10-03 07:26:14,42.696,23.332
185.231.33.38,2025-10-03 07:23:26,-4.5833,55.6667
45.83.31.79,2025-10-03 07:30:10,34.0544,-118.2441
107.189.31.52,2025-10-03 07:43:14,49.6113,6.1294
89.147.110.211,2025-10-03 07:26:52,47.4919,19.05
51.68.226.107,2025-10-03 07:41:56,48.8582,2.3387
89.185.82.63,2025-10-03 07:43:39,55.7386,37.6068
176.121.81.51,2025-10-03 07:21:56,51.0939,17.1564
65.87.7.198,2025-10-03 07:04:46,37.751,-97.822
173.224.219.44,2025-10-03 07:44:56,37.751,-97.822
108.59.12.41,2025-10-03 07:11:25,39.6685,-75.7048
64.190.76.4,2025-10-03 07:04:22,37.751,-97.822
64.190.76.2,2025-10-03 07:09:35,37.751,-97.822
64.190.76.3,2025-10-03 07:40:07,37.751,-97.822
192.108.48.150,2025-10-03 07:36:54,51.2993,9.491
173.224.219.236,2025-10-03 07:24:50,37.751,-97.822
23.129.64.99,2025-10-03 07:23:13,37.751,-97.822
93.113.25.239,2025-10-03 07:29:44,45.9968,24.997
185.236.20.142,2025-10-03 07:44:54,55.7386,37.6068
66.78.40.225,2025-10-03 07:39:28,39.7356,-75.5516
190.120.229.2,2025-10-03 07:34:04,-12.0464,-77.0428
179.43.134.19,2025-10-03 07:29:53,47.3682,8.5671
64.190.76.10,2025-10-03 07:42:52,37.751,-97.822
45.134.48.153,2025-10-02 21:33:30,45.9968,24.997
172.104.243.155,2025-10-03 07:34:30,50.1188,8.6843
31.40.204.186,2025-10-03 07:24:00,39.0814,-77.6443
5.79.66.19,2025-10-03 07:29:49,52.3824,4.8995
107.189.8.65,2025-10-03 07:33:11,49.6113,6.1294
194.55.167.14,2025-10-03 05:37:02,55.7386,37.6068
185.129.61.5,2025-10-03 07:38:09,55.7123,12.0564
185.129.61.2,2025-10-03 07:07:26,55.7123,12.0564
185.129.61.9,2025-10-03 07:25:57,55.7123,12.0564
185.129.61.8,2025-10-03 07:18:30,55.7123,12.0564
185.129.61.6,2025-10-03 07:43:13,55.7123,12.0564
185.129.61.1,2025-10-03 07:03:24,55.7123,12.0564
185.129.61.3,2025-10-03 07:10:42,55.7123,12.0564
185.129.61.10,2025-10-03 07:00:46,55.7123,12.0564
185.129.61.4,2025-10-03 07:09:01,55.7123,12.0564
185.129.61.7,2025-10-03 07:16:43,55.7123,12.0564
185.100.85.25,2025-10-03 07:44:19,44.4152,26.166
130.193.15.79,2025-10-03 07:41:27,50.0804,14.5045
86.54.24.21,2025-10-03 07:29:25,51.4964,-0.1224
38.135.25.2,2025-10-03 07:08:38,41.6047,-72.8813
185.14.31.113,2025-10-03 07:13:57,52.6959,6.1847
46.29.238.25,2025-10-03 07:36:14,55.7386,37.6068
195.246.231.141,2025-10-03 07:08:11,48.8582,2.3387
82.221.131.86,2025-10-03 07:14:37,65.0,-18.0
195.47.238.44,2025-10-03 07:36:20,57.7065,11.967
194.53.137.102,2025-10-03 07:07:39,40.4163,-3.6934
135.125.239.70,2025-10-02 09:06:19,48.8582,2.3387
135.125.239.51,2025-10-02 10:27:44,48.8582,2.3387
82.117.255.113,2025-10-03 07:39:18,37.751,-97.822
104.244.74.51,2025-10-03 07:44:42,49.6113,6.1294
176.65.140.210,2025-10-03 07:43:28,51.2993,9.491
92.242.166.161,2025-10-01 12:29:04,55.7386,37.6068
164.132.172.209,2025-10-02 22:26:04,48.8582,2.3387
188.165.200.97,2025-10-02 21:07:56,48.8582,2.3387
66.78.40.210,2025-10-03 07:43:45,39.7356,-75.5516
196.251.69.116,2025-10-03 07:06:46,8.1,-1.2
148.113.152.91,2025-10-03 07:34:26,43.6319,-79.3716
45.80.158.53,2025-10-03 07:40:37,52.3824,4.8995
45.9.156.22,2025-10-03 07:07:19,39.0469,-77.4903
199.26.150.137,2025-10-03 07:44:24,37.751,-97.822
144.172.73.31,2025-10-03 07:03:26,40.7538,-73.9836
107.189.14.43,2025-10-03 06:23:39,49.6113,6.1294
102.130.127.117,2025-10-03 07:07:07,-29.0,24.0
185.126.114.110,2025-10-03 06:03:09,46.979,31.9946
45.138.16.82,2025-10-03 07:43:16,52.3824,4.8995
193.237.155.109,2025-10-03 07:15:27,51.4964,-0.1224
185.138.88.25,2025-10-03 07:37:51,55.7386,37.6068
38.60.249.223,2025-10-02 12:25:11,37.751,-97.822
45.141.215.28,2025-10-03 07:44:37,45.4722,9.1922
94.16.115.121,2025-10-03 07:23:54,48.2048,16.3801
193.239.232.235,2025-10-03 07:09:58,59.3247,18.056
151.243.109.167,2025-10-03 07:19:04,35.698,51.4115
190.211.254.185,2025-10-03 07:16:12,51.5164,-0.093
195.47.238.84,2025-10-03 07:37:09,57.7065,11.967
195.47.238.86,2025-10-03 07:30:47,57.7065,11.967
124.198.131.114,2025-10-03 07:43:24,-42.0,174.0
195.47.238.88,2025-10-03 07:43:44,57.7065,11.967
195.47.238.87,2025-10-03 07:45:03,57.7065,11.967
195.47.238.83,2025-10-03 07:45:17,57.7065,11.967
5.34.182.203,2025-10-02 12:01:33,49.982,36.2566
108.181.69.243,2025-10-03 07:25:36,43.6319,-79.3716
13.231.183.75,2025-10-03 07:37:42,35.6893,139.6899
77.48.28.239,2025-10-03 07:27:54,50.099,17.7226
185.241.208.204,2025-10-03 07:45:37,52.3824,4.8995
18.119.162.10,2025-10-03 07:35:45,39.9625,-83.0061
5.255.100.224,2025-10-03 07:43:26,52.3824,4.8995
5.255.114.171,2025-10-03 07:17:41,52.3824,4.8995
5.255.99.124,2025-10-03 07:04:12,52.3824,4.8995
185.132.53.150,2025-10-03 07:43:18,60.1717,24.9349
212.95.50.77,2025-10-03 07:04:53,51.2993,9.491
89.36.231.128,2025-10-03 07:30:27,37.751,-97.822
5.255.123.250,2025-10-02 21:40:30,52.3824,4.8995
95.211.174.137,2025-10-03 07:15:59,52.3824,4.8995
46.253.4.208,2025-10-02 08:15:09,42.4348,23.8116
46.29.238.31,2025-10-03 07:35:37,55.7386,37.6068
62.133.60.208,2025-10-03 07:32:58,55.7386,37.6068
89.110.95.164,2025-10-03 07:41:05,55.7386,37.6068
104.167.242.116,2025-10-02 23:23:40,1.385,103.7473
88.80.135.28,2025-10-02 16:31:25,42.6951,23.325
23.137.255.85,2025-10-03 07:36:04,,
179.35.10.212,2025-10-03 07:11:39,-16.6391,-49.2622
177.149.156.209,2025-10-02 17:39:01,-16.6391,-49.2622
91.239.208.63,2025-10-02 19:37:18,,
172.81.132.149,2025-10-02 21:04:10,37.751,-97.822
108.181.69.137,2025-10-03 07:20:32,43.6319,-79.3716
144.31.188.82,2025-10-03 07:43:00,37.751,-97.822
