t-12,t-11,t-10,t-9,t-8,t-7,t-6,t-5,t-4,t-3,t-2,t-1,t
34.72,34.72,34.72,34.72,34.72,34.72,34.72,34.72,34.72,34.72,34.72,34.72,34.72
34.72,34.72,34.72,34.72,34.72,34.72,34.72,34.72,34.72,34.72,34.72,34.72,34.72
34.72,34.72,34.72,34.72,34.72,34.72,34.72,34.72,34.72,34.72,34.72,34.72,34.72
34.72,34.72,34.72,34.72,34.72,34.72,34.72,34.72,34.72,34.72,34.72,34.72,34.72
34.72,34.72,34.72,34.72,34.72,34.72,34.72,34.72,34.72,34.72,34.72,34.72,34.72
34.72,34.72,34.72,34.72,34.72,34.72,34.72,34.72,34.72,34.72,34.72,34.72,34.72
34.72,34.72,34.72,34.72,34.72,34.72,34.72,34.72,34.72,34.72,34.72,34.72,34.72
34.72,34.72,34.72,34.72,34.72,34.72,34.72,34.72,34.72,34.72,34.72,34.72,34.72
34.72,34.72,34.72,34.72,34.72,34.72,34.72,34.72,34.72,34.72,34.72,34.72,34.72
34.72,34.72,34.72,34.72,34.72,34.72,34.72,34.72,34.72,34.72,34.72,34.72,34.72
34.72,34.72,34.72,34.72,34.72,34.72,34.72,34.72,34.72,34.72,34.72,34.72,34.72
34.72,34.72,34.72,34.72,34.72,34.72,34.72,34.72,34.72,34.72,34.72,34.72,34.72
34.72,34.72,34.72,34.72,34.72,34.72,34.72,34.72,34.72,34.72,34.72,34.72,34.6
34.72,34.72,34.72,34.72,34.72,34.72,34.72,34.72,34.72,34.72,34.72,34.6,34.6
34.72,34.72,34.72,34.72,34.72,34.72,34.72,34.72,34.72,34.72,34.6,34.6,34.6
34.72,34.72,34.72,34.72,34.72,34.72,34.72,34.72,34.72,34.6,34.6,34.6,34.6
34.72,34.72,34.72,34.72,34.72,34.72,34.72,34.72,34.6,34.6,34.6,34.6,34.6
34.72,34.72,34.72,34.72,34.72,34.72,34.72,34.6,34.6,34.6,34.6,34.6,34.6
34.72,34.72,34.72,34.72,34.72,34.72,34.6,34.6,34.6,34.6,34.6,34.6,34.6
34.72,34.72,34.72,34.72,34.72,34.6,34.6,34.6,34.6,34.6,34.6,34.6,34.6
34.72,34.72,34.72,34.72,34.6,34.6,34.6,34.6,34.6,34.6,34.6,34.6,34.6
34.72,34.72,34.72,34.6,34.6,34.6,34.6,34.6,34.6,34.6,34.6,34.6,34.6
34.72,34.72,34.6,34.6,34.6,34.6,34.6,34.6,34.6,34.6,34.6,34.6,34.6
34.72,34.6,34.6,34.6,34.6,34.6,34.6,34.6,34.6,34.6,34.6,34.6,34.6
34.6,34.6,34.6,34.6,34.6,34.6,34.6,34.6,34.6,34.6,34.6,34.6,34.84
34.6,34.6,34.6,34.6,34.6,34.6,34.6,34.6,34.6,34.6,34.6,34.84,34.84
34.6,34.6,34.6,34.6,34.6,34.6,34.6,34.6,34.6,34.6,34.84,34.84,34.84
34.6,34.6,34.6,34.6,34.6,34.6,34.6,34.6,34.6,34.84,34.84,34.84,34.84
34.6,34.6,34.6,34.6,34.6,34.6,34.6,34.6,34.84,34.84,34.84,34.84,34.84
34.6,34.6,34.6,34.6,34.6,34.6,34.6,34.84,34.84,34.84,34.84,34.84,34.84
34.6,34.6,34.6,34.6,34.6,34.6,34.84,34.84,34.84,34.84,34.84,34.84,34.84
34.6,34.6,34.6,34.6,34.6,34.84,34.84,34.84,34.84,34.84,34.84,34.84,34.84
34.6,34.6,34.6,34.6,34.84,34.84,34.84,34.84,34.84,34.84,34.84,34.84,34.84
34.6,34.6,34.6,34.84,34.84,34.84,34.84,34.84,34.84,34.84,34.84,34.84,34.84
34.6,34.6,34.84,34.84,34.84,34.84,34.84,34.84,34.84,34.84,34.84,34.84,34.84
34.6,34.84,34.84,34.84,34.84,34.84,34.84,34.84,34.84,34.84,34.84,34.84,34.84
34.84,34.84,34.84,34.84,34.84,34.84,34.84,34.84,34.84,34.84,34.84,34.84,35.04
34.84,34.84,34.84,34.84,34.84,34.84,34.84,34.84,34.84,34.84,34.84,35.04,35.04
34.84,34.84,34.84,34.84,34.84,34.84,34.84,34.84,34.84,34.84,35.04,35.04,35.04
34.84,34.84,34.84,34.84,34.84,34.84,34.84,34.84,34.84,35.04,35.04,35.04,35.04
34.84,34.84,34.84,34.84,34.84,34.84,34.84,34.84,35.04,35.04,35.04,35.04,35.04
34.84,34.84,34.84,34.84,34.84,34.84,34.84,35.04,35.04,35.04,35.04,35.04,35.04
34.84,34.84,34.84,34.84,34.84,34.84,35.04,35.04,35.04,35.04,35.04,35.04,35.04
34.84,34.84,34.84,34.84,34.84,35.04,35.04,35.04,35.04,35.04,35.04,35.04,35.04
34.84,34.84,34.84,34.84,35.04,35.04,35.04,35.04,35.04,35.04,35.04,35.04,35.04
34.84,34.84,34.84,35.04,35.04,35.04,35.04,35.04,35.04,35.04,35.04,35.04,35.04
34.84,34.84,35.04,35.04,35.04,35.04,35.04,35.04,35.04,35.04,35.04,35.04,35.04
34.84,35.04,35.04,35.04,35.04,35.04,35.04,35.04,35.04,35.04,35.04,35.04,35.04
35.04,35.04,35.04,35.04,35.04,35.04,35.04,35.04,35.04,35.04,35.04,35.04,35.03
35.04,35.04,35.04,35.04,35.04,35.04,35.04,35.04,35.04,35.04,35.04,35.03,35.03
35.04,35.04,35.04,35.04,35.04,35.04,35.04,35.04,35.04,35.04,35.03,35.03,35.03
35.04,35.04,35.04,35.04,35.04,35.04,35.04,35.04,35.04,35.03,35.03,35.03,35.03
35.04,35.04,35.04,35.04,35.04,35.04,35.04,35.04,35.03,35.03,35.03,35.03,35.03
35.04,35.04,35.04,35.04,35.04,35.04,35.04,35.03,35.03,35.03,35.03,35.03,35.03
35.04,35.04,35.04,35.04,35.04,35.04,35.03,35.03,35.03,35.03,35.03,35.03,35.03
35.04,35.04,35.04,35.04,35.04,35.03,35.03,35.03,35.03,35.03,35.03,35.03,35.03
35.04,35.04,35.04,35.04,35.03,35.03,35.03,35.03,35.03,35.03,35.03,35.03,35.03
35.04,35.04,35.04,35.03,35.03,35.03,35.03,35.03,35.03,35.03,35.03,35.03,35.03
35.04,35.04,35.03,35.03,35.03,35.03,35.03,35.03,35.03,35.03,35.03,35.03,35.03
35.04,35.03,35.03,35.03,35.03,35.03,35.03,35.03,35.03,35.03,35.03,35.03,35.03
35.03,35.03,35.03,35.03,35.03,35.03,35.03,35.03,35.03,35.03,35.03,35.03,34.99
35.03,35.03,35.03,35.03,35.03,35.03,35.03,35.03,35.03,35.03,35.03,34.99,34.99
35.03,35.03,35.03,35.03,35.03,35.03,35.03,35.03,35.03,35.03,34.99,34.99,34.99
35.03,35.03,35.03,35.03,35.03,35.03,35.03,35.03,35.03,34.99,34.99,34.99,34.99
35.03,35.03,35.03,35.03,35.03,35.03,35.03,35.03,34.99,34.99,34.99,34.99,34.99
35.03,35.03,35.03,35.03,35.03,35.03,35.03,34.99,34.99,34.99,34.99,34.99,34.99
35.03,35.03,35.03,35.03,35.03,35.03,34.99,34.99,34.99,34.99,34.99,34.99,34.99
35.03,35.03,35.03,35.03,35.03,34.99,34.99,34.99,34.99,34.99,34.99,34.99,34.99
35.03,35.03,35.03,35.03,34.99,34.99,34.99,34.99,34.99,34.99,34.99,34.99,34.99
35.03,35.03,35.03,34.99,34.99,34.99,34.99,34.99,34.99,34.99,34.99,34.99,34.99
35.03,35.03,34.99,34.99,34.99,34.99,34.99,34.99,34.99,34.99,34.99,34.99,34.99
35.03,34.99,34.99,34.99,34.99,34.99,34.99,34.99,34.99,34.99,34.99,34.99,34.99
34.99,34.99,34.99,34.99,34.99,34.99,34.99,34.99,34.99,34.99,34.99,34.99,34.95
34.99,34.99,34.99,34.99,34.99,34.99,34.99,34.99,34.99,34.99,34.99,34.95,34.95
34.99,34.99,34.99,34.99,34.99,34.99,34.99,34.99,34.99,34.99,34.95,34.95,34.95
34.99,34.99,34.99,34.99,34.99,34.99,34.99,34.99,34.99,34.95,34.95,34.95,34.95
34.99,34.99,34.99,34.99,34.99,34.99,34.99,34.99,34.95,34.95,34.95,34.95,34.95
34.99,34.99,34.99,34.99,34.99,34.99,34.99,34.95,34.95,34.95,34.95,34.95,34.95
34.99,34.99,34.99,34.99,34.99,34.99,34.95,34.95,34.95,34.95,34.95,34.95,34.95
34.99,34.99,34.99,34.99,34.99,34.95,34.95,34.95,34.95,34.95,34.95,34.95,34.95
34.99,34.99,34.99,34.99,34.95,34.95,34.95,34.95,34.95,34.95,34.95,34.95,34.95
34.99,34.99,34.99,34.95,34.95,34.95,34.95,34.95,34.95,34.95,34.95,34.95,34.95
34.99,34.99,34.95,34.95,34.95,34.95,34.95,34.95,34.95,34.95,34.95,34.95,34.95
34.99,34.95,34.95,34.95,34.95,34.95,34.95,34.95,34.95,34.95,34.95,34.95,34.95
34.95,34.95,34.95,34.95,34.95,34.95,34.95,34.95,34.95,34.95,34.95,34.95,35.1
34.95,34.95,34.95,34.95,34.95,34.95,34.95,34.95,34.95,34.95,34.95,35.1,35.1
34.95,34.95,34.95,34.95,34.95,34.95,34.95,34.95,34.95,34.95,35.1,35.1,35.1
34.95,34.95,34.95,34.95,34.95,34.95,34.95,34.95,34.95,35.1,35.1,35.1,35.1
34.95,34.95,34.95,34.95,34.95,34.95,34.95,34.95,35.1,35.1,35.1,35.1,35.1
34.95,34.95,34.95,34.95,34.95,34.95,34.95,35.1,35.1,35.1,35.1,35.1,35.1
34.95,34.95,34.95,34.95,34.95,34.95,35.1,35.1,35.1,35.1,35.1,35.1,35.1
34.95,34.95,34.95,34.95,34.95,35.1,35.1,35.1,35.1,35.1,35.1,35.1,35.1
34.95,34.95,34.95,34.95,35.1,35.1,35.1,35.1,35.1,35.1,35.1,35.1,35.1
34.95,34.95,34.95,35.1,35.1,35.1,35.1,35.1,35.1,35.1,35.1,35.1,35.1
34.95,34.95,35.1,35.1,35.1,35.1,35.1,35.1,35.1,35.1,35.1,35.1,35.1
34.95,35.1,35.1,35.1,35.1,35.1,35.1,35.1,35.1,35.1,35.1,35.1,35.1
35.1,35.1,35.1,35.1,35.1,35.1,35.1,35.1,35.1,35.1,35.1,35.1,35.1
35.1,35.1,35.1,35.1,35.1,35.1,35.1,35.1,35.1,35.1,35.1,35.1,35.1
35.1,35.1,35.1,35.1,35.1,35.1,35.1,35.1,35.1,35.1,35.1,35.1,35.1
35.1,35.1,35.1,35.1,35.1,35.1,35.1,35.1,35.1,35.1,35.1,35.1,35.1
35.1,35.1,35.1,35.1,35.1,35.1,35.1,35.1,35.1,35.1,35.1,35.1,35.1
35.1,35.1,35.1,35.1,35.1,35.1,35.1,35.1,35.1,35.1,35.1,35.1,35.1
35.1,35.1,35.1,35.1,35.1,35.1,35.1,35.1,35.1,35.1,35.1,35.1,35.1
35.1,35.1,35.1,35.1,35.1,35.1,35.1,35.1,35.1,35.1,35.1,35.1,35.1
35.1,35.1,35.1,35.1,35.1,35.1,35.1,35.1,35.1,35.1,35.1,35.1,35.1
35.1,35.1,35.1,35.1,35.1,35.1,35.1,35.1,35.1,35.1,35.1,35.1,35.1
35.1,35.1,35.1,35.1,35.1,35.1,35.1,35.1,35.1,35.1,35.1,35.1,35.1
35.1,35.1,35.1,35.1,35.1,35.1,35.1,35.1,35.1,35.1,35.1,35.1,35.1
35.1,35.1,35.1,35.1,35.1,35.1,35.1,35.1,35.1,35.1,35.1,35.1,35.27
35.1,35.1,35.1,35.1,35.1,35.1,35.1,35.1,35.1,35.1,35.1,35.27,35.27
35.1,35.1,35.1,35.1,35.1,35.1,35.1,35.1,35.1,35.1,35.27,35.27,35.27
35.1,35.1,35.1,35.1,35.1,35.1,35.1,35.1,35.1,35.27,35.27,35.27,35.27
35.1,35.1,35.1,35.1,35.1,35.1,35.1,35.1,35.27,35.27,35.27,35.27,35.27
35.1,35.1,35.1,35.1,35.1,35.1,35.1,35.27,35.27,35.27,35.27,35.27,35.27
35.1,35.1,35.1,35.1,35.1,35.1,35.27,35.27,35.27,35.27,35.27,35.27,35.27
35.1,35.1,35.1,35.1,35.1,35.27,35.27,35.27,35.27,35.27,35.27,35.27,35.27
35.1,35.1,35.1,35.1,35.27,35.27,35.27,35.27,35.27,35.27,35.27,35.27,35.27
35.1,35.1,35.1,35.27,35.27,35.27,35.27,35.27,35.27,35.27,35.27,35.27,35.27
35.1,35.1,35.27,35.27,35.27,35.27,35.27,35.27,35.27,35.27,35.27,35.27,35.27
35.1,35.27,35.27,35.27,35.27,35.27,35.27,35.27,35.27,35.27,35.27,35.27,35.27
35.27,35.27,35.27,35.27,35.27,35.27,35.27,35.27,35.27,35.27,35.27,35.27,35.25
35.27,35.27,35.27,35.27,35.27,35.27,35.27,35.27,35.27,35.27,35.27,35.25,35.25
35.27,35.27,35.27,35.27,35.27,35.27,35.27,35.27,35.27,35.27,35.25,35.25,35.25
35.27,35.27,35.27,35.27,35.27,35.27,35.27,35.27,35.27,35.25,35.25,35.25,35.25
35.27,35.27,35.27,35.27,35.27,35.27,35.27,35.27,35.25,35.25,35.25,35.25,35.25
35.27,35.27,35.27,35.27,35.27,35.27,35.27,35.25,35.25,35.25,35.25,35.25,35.25
35.27,35.27,35.27,35.27,35.27,35.27,35.25,35.25,35.25,35.25,35.25,35.25,35.25
35.27,35.27,35.27,35.27,35.27,35.25,35.25,35.25,35.25,35.25,35.25,35.25,35.25
35.27,35.27,35.27,35.27,35.25,35.25,35.25,35.25,35.25,35.25,35.25,35.25,35.25
35.27,35.27,35.27,35.25,35.25,35.25,35.25,35.25,35.25,35.25,35.25,35.25,35.25
35.27,35.27,35.25,35.25,35.25,35.25,35.25,35.25,35.25,35.25,35.25,35.25,35.25
35.27,35.25,35.25,35.25,35.25,35.25,35.25,35.25,35.25,35.25,35.25,35.25,35.25
35.25,35.25,35.25,35.25,35.25,35.25,35.25,35.25,35.25,35.25,35.25,35.25,35.23
35.25,35.25,35.25,35.25,35.25,35.25,35.25,35.25,35.25,35.25,35.25,35.23,35.23
35.25,35.25,35.25,35.25,35.25,35.25,35.25,35.25,35.25,35.25,35.23,35.23,35.23
35.25,35.25,35.25,35.25,35.25,35.25,35.25,35.25,35.25,35.23,35.23,35.23,35.23
35.25,35.25,35.25,35.25,35.25,35.25,35.25,35.25,35.23,35.23,35.23,35.23,35.23
35.25,35.25,35.25,35.25,35.25,35.25,35.25,35.23,35.23,35.23,35.23,35.23,35.23
35.25,35.25,35.25,35.25,35.25,35.25,35.23,35.23,35.23,35.23,35.23,35.23,35.23
35.25,35.25,35.25,35.25,35.25,35.23,35.23,35.23,35.23,35.23,35.23,35.23,35.23
35.25,35.25,35.25,35.25,35.23,35.23,35.23,35.23,35.23,35.23,35.23,35.23,35.23
35.25,35.25,35.25,35.23,35.23,35.23,35.23,35.23,35.23,35.23,35.23,35.23,35.23
35.25,35.25,35.23,35.23,35.23,35.23,35.23,35.23,35.23,35.23,35.23,35.23,35.23
35.25,35.23,35.23,35.23,35.23,35.23,35.23,35.23,35.23,35.23,35.23,35.23,35.23
35.23,35.23,35.23,35.23,35.23,35.23,35.23,35.23,35.23,35.23,35.23,35.23,35.09
35.23,35.23,35.23,35.23,35.23,35.23,35.23,35.23,35.23,35.23,35.23,35.09,35.09
35.23,35.23,35.23,35.23,35.23,35.23,35.23,35.23,35.23,35.23,35.09,35.09,35.09
35.23,35.23,35.23,35.23,35.23,35.23,35.23,35.23,35.23,35.09,35.09,35.09,35.09
35.23,35.23,35.23,35.23,35.23,35.23,35.23,35.23,35.09,35.09,35.09,35.09,35.09
35.23,35.23,35.23,35.23,35.23,35.23,35.23,35.09,35.09,35.09,35.09,35.09,35.09
35.23,35.23,35.23,35.23,35.23,35.23,35.09,35.09,35.09,35.09,35.09,35.09,35.09
35.23,35.23,35.23,35.23,35.23,35.09,35.09,35.09,35.09,35.09,35.09,35.09,35.09
35.23,35.23,35.23,35.23,35.09,35.09,35.09,35.09,35.09,35.09,35.09,35.09,35.09
35.23,35.23,35.23,35.09,35.09,35.09,35.09,35.09,35.09,35.09,35.09,35.09,35.09
35.23,35.23,35.09,35.09,35.09,35.09,35.09,35.09,35.09,35.09,35.09,35.09,35.09
35.23,35.09,35.09,35.09,35.09,35.09,35.09,35.09,35.09,35.09,35.09,35.09,35.09
35.09,35.09,35.09,35.09,35.09,35.09,35.09,35.09,35.09,35.09,35.09,35.09,35.1
35.09,35.09,35.09,35.09,35.09,35.09,35.09,35.09,35.09,35.09,35.09,35.1,35.1
35.09,35.09,35.09,35.09,35.09,35.09,35.09,35.09,35.09,35.09,35.1,35.1,35.1
35.09,35.09,35.09,35.09,35.09,35.09,35.09,35.09,35.09,35.1,35.1,35.1,35.1
35.09,35.09,35.09,35.09,35.09,35.09,35.09,35.09,35.1,35.1,35.1,35.1,35.1
35.09,35.09,35.09,35.09,35.09,35.09,35.09,35.1,35.1,35.1,35.1,35.1,35.1
35.09,35.09,35.09,35.09,35.09,35.09,35.1,35.1,35.1,35.1,35.1,35.1,35.1
35.09,35.09,35.09,35.09,35.09,35.1,35.1,35.1,35.1,35.1,35.1,35.1,35.1
35.09,35.09,35.09,35.09,35.1,35.1,35.1,35.1,35.1,35.1,35.1,35.1,35.1
35.09,35.09,35.09,35.1,35.1,35.1,35.1,35.1,35.1,35.1,35.1,35.1,35.1
35.09,35.09,35.1,35.1,35.1,35.1,35.1,35.1,35.1,35.1,35.1,35.1,35.1
35.09,35.1,35.1,35.1,35.1,35.1,35.1,35.1,35.1,35.1,35.1,35.1,35.1
35.1,35.1,35.1,35.1,35.1,35.1,35.1,35.1,35.1,35.1,35.1,35.1,35.12
35.1,35.1,35.1,35.1,35.1,35.1,35.1,35.1,35.1,35.1,35.1,35.12,35.12
35.1,35.1,35.1,35.1,35.1,35.1,35.1,35.1,35.1,35.1,35.12,35.12,35.12
35.1,35.1,35.1,35.1,35.1,35.1,35.1,35.1,35.1,35.12,35.12,35.12,35.12
35.1,35.1,35.1,35.1,35.1,35.1,35.1,35.1,35.12,35.12,35.12,35.12,35.12
35.1,35.1,35.1,35.1,35.1,35.1,35.1,35.12,35.12,35.12,35.12,35.12,35.12
35.1,35.1,35.1,35.1,35.1,35.1,35.12,35.12,35.12,35.12,35.12,35.12,35.12
35.1,35.1,35.1,35.1,35.1,35.12,35.12,35.12,35.12,35.12,35.12,35.12,35.12
35.1,35.1,35.1,35.1,35.12,35.12,35.12,35.12,35.12,35.12,35.12,35.12,35.12
35.1,35.1,35.1,35.12,35.12,35.12,35.12,35.12,35.12,35.12,35.12,35.12,35.12
35.1,35.1,35.12,35.12,35.12,35.12,35.12,35.12,35.12,35.12,35.12,35.12,35.12
35.1,35.12,35.12,35.12,35.12,35.12,35.12,35.12,35.12,35.12,35.12,35.12,35.12
35.12,35.12,35.12,35.12,35.12,35.12,35.12,35.12,35.12,35.12,35.12,35.12,35.13
35.12,35.12,35.12,35.12,35.12,35.12,35.12,35.12,35.12,35.12,35.12,35.13,35.13
35.12,35.12,35.12,35.12,35.12,35.12,35.12,35.12,35.12,35.12,35.13,35.13,35.13
35.12,35.12,35.12,35.12,35.12,35.12,35.12,35.12,35.12,35.13,35.13,35.13,35.13
35.12,35.12,35.12,35.12,35.12,35.12,35.12,35.12,35.13,35.13,35.13,35.13,35.13
35.12,35.12,35.12,35.12,35.12,35.12,35.12,35.13,35.13,35.13,35.13,35.13,35.13
35.12,35.12,35.12,35.12,35.12,35.12,35.13,35.13,35.13,35.13,35.13,35.13,35.13
35.12,35.12,35.12,35.12,35.12,35.13,35.13,35.13,35.13,35.13,35.13,35.13,35.13
35.12,35.12,35.12,35.12,35.13,35.13,35.13,35.13,35.13,35.13,35.13,35.13,35.13
35.12,35.12,35.12,35.13,35.13,35.13,35.13,35.13,35.13,35.13,35.13,35.13,35.13
35.12,35.12,35.13,35.13,35.13,35.13,35.13,35.13,35.13,35.13,35.13,35.13,35.13
35.12,35.13,35.13,35.13,35.13,35.13,35.13,35.13,35.13,35.13,35.13,35.13,35.13
35.13,35.13,35.13,35.13,35.13,35.13,35.13,35.13,35.13,35.13,35.13,35.13,34.95
35.13,35.13,35.13,35.13,35.13,35.13,35.13,35.13,35.13,35.13,35.13,34.95,34.95
35.13,35.13,35.13,35.13,35.13,35.13,35.13,35.13,35.13,35.13,34.95,34.95,34.95
35.13,35.13,35.13,35.13,35.13,35.13,35.13,35.13,35.13,34.95,34.95,34.95,34.95
35.13,35.13,35.13,35.13,35.13,35.13,35.13,35.13,34.95,34.95,34.95,34.95,34.95
35.13,35.13,35.13,35.13,35.13,35.13,35.13,34.95,34.95,34.95,34.95,34.95,34.95
35.13,35.13,35.13,35.13,35.13,35.13,34.95,34.95,34.95,34.95,34.95,34.95,34.95
35.13,35.13,35.13,35.13,35.13,34.95,34.95,34.95,34.95,34.95,34.95,34.95,34.95
35.13,35.13,35.13,35.13,34.95,34.95,34.95,34.95,34.95,34.95,34.95,34.95,34.95
35.13,35.13,35.13,34.95,34.95,34.95,34.95,34.95,34.95,34.95,34.95,34.95,34.95
35.13,35.13,34.95,34.95,34.95,34.95,34.95,34.95,34.95,34.95,34.95,34.95,34.95
35.13,34.95,34.95,34.95,34.95,34.95,34.95,34.95,34.95,34.95,34.95,34.95,34.95
34.95,34.95,34.95,34.95,34.95,34.95,34.95,34.95,34.95,34.95,34.95,34.95,35.5
34.95,34.95,34.95,34.95,34.95,34.95,34.95,34.95,34.95,34.95,34.95,35.5,36.0
34.95,34.95,34.95,34.95,34.95,34.95,34.95,34.95,34.95,34.95,35.5,36.0,37.0
34.95,34.95,34.95,34.95,34.95,34.95,34.95,34.95,34.95,35.5,36.0,37.0,37.86
34.95,34.95,34.95,34.95,34.95,34.95,34.95,34.95,35.5,36.0,37.0,37.86,40.7
34.95,34.95,34.95,34.95,34.95,34.95,34.95,35.5,36.0,37.0,37.86,40.7,41.14
34.95,34.95,34.95,34.95,34.95,34.95,35.5,36.0,37.0,37.86,40.7,41.14,39.46
34.95,34.95,34.95,34.95,34.95,35.5,36.0,37.0,37.86,40.7,41.14,39.46,39.19
34.95,34.95,34.95,34.95,35.5,36.0,37.0,37.86,40.7,41.14,39.46,39.19,40.18
34.95,34.95,34.95,35.5,36.0,37.0,37.86,40.7,41.14,39.46,39.19,40.18,39.21
34.95,34.95,35.5,36.0,37.0,37.86,40.7,41.14,39.46,39.19,40.18,39.21,39.78
34.95,35.5,36.0,37.0,37.86,40.7,41.14,39.46,39.19,40.18,39.21,39.78,41.08
35.5,36.0,37.0,37.86,40.7,41.14,39.46,39.19,40.18,39.21,39.78,41.08,42.3
36.0,37.0,37.86,40.7,41.14,39.46,39.19,40.18,39.21,39.78,41.08,42.3,42.6
37.0,37.86,40.7,41.14,39.46,39.19,40.18,39.21,39.78,41.08,42.3,42.6,43.16
37.86,40.7,41.14,39.46,39.19,40.18,39.21,39.78,41.08,42.3,42.6,43.16,43.31
40.7,41.14,39.46,39.19,40.18,39.21,39.78,41.08,42.3,42.6,43.16,43.31,43.46
41.14,39.46,39.19,40.18,39.21,39.78,41.08,42.3,42.6,43.16,43.31,43.46,41.44
39.46,39.19,40.18,39.21,39.78,41.08,42.3,42.6,43.16,43.31,43.46,41.44,41.76
39.19,40.18,39.21,39.78,41.08,42.3,42.6,43.16,43.31,43.46,41.44,41.76,41.09
40.18,39.21,39.78,41.08,42.3,42.6,43.16,43.31,43.46,41.44,41.76,41.09,40.87
39.21,39.78,41.08,42.3,42.6,43.16,43.31,43.46,41.44,41.76,41.09,40.87,40.44
39.78,41.08,42.3,42.6,43.16,43.31,43.46,41.44,41.76,41.09,40.87,40.44,37.4
41.08,42.3,42.6,43.16,43.31,43.46,41.44,41.76,41.09,40.87,40.44,37.4,35.17
42.3,42.6,43.16,43.31,43.46,41.44,41.76,41.09,40.87,40.44,37.4,35.17,34.94
42.6,43.16,43.31,43.46,41.44,41.76,41.09,40.87,40.44,37.4,35.17,34.94,34.99
43.16,43.31,43.46,41.44,41.76,41.09,40.87,40.44,37.4,35.17,34.94,34.99,35.09
43.31,43.46,41.44,41.76,41.09,40.87,40.44,37.4,35.17,34.94,34.99,35.09,35.62
43.46,41.44,41.76,41.09,40.87,40.44,37.4,35.17,34.94,34.99,35.09,35.62,35.95
41.44,41.76,41.09,40.87,40.44,37.4,35.17,34.94,34.99,35.09,35.62,35.95,35.42
41.76,41.09,40.87,40.44,37.4,35.17,34.94,34.99,35.09,35.62,35.95,35.42,35.32
41.09,40.87,40.44,37.4,35.17,34.94,34.99,35.09,35.62,35.95,35.42,35.32,35.38
40.87,40.44,37.4,35.17,34.94,34.99,35.09,35.62,35.95,35.42,35.32,35.38,36.19
40.44,37.4,35.17,34.94,34.99,35.09,35.62,35.95,35.42,35.32,35.38,36.19,37.52
37.4,35.17,34.94,34.99,35.09,35.62,35.95,35.42,35.32,35.38,36.19,37.52,37.44
35.17,34.94,34.99,35.09,35.62,35.95,35.42,35.32,35.38,36.19,37.52,37.44,37.44
34.94,34.99,35.09,35.62,35.95,35.42,35.32,35.38,36.19,37.52,37.44,37.44,37.88
34.99,35.09,35.62,35.95,35.42,35.32,35.38,36.19,37.52,37.44,37.44,37.88,38.74
35.09,35.62,35.95,35.42,35.32,35.38,36.19,37.52,37.44,37.44,37.88,38.74,38.87
35.62,35.95,35.42,35.32,35.38,36.19,37.52,37.44,37.44,37.88,38.74,38.87,39.01
35.95,35.42,35.32,35.38,36.19,37.52,37.44,37.44,37.88,38.74,38.87,39.01,40.52
35.42,35.32,35.38,36.19,37.52,37.44,37.44,37.88,38.74,38.87,39.01,40.52,40.1
35.32,35.38,36.19,37.52,37.44,37.44,37.88,38.74,38.87,39.01,40.52,40.1,40.95
35.38,36.19,37.52,37.44,37.44,37.88,38.74,38.87,39.01,40.52,40.1,40.95,42.71
36.19,37.52,37.44,37.44,37.88,38.74,38.87,39.01,40.52,40.1,40.95,42.71,42.03
37.52,37.44,37.44,37.88,38.74,38.87,39.01,40.52,40.1,40.95,42.71,42.03,42.5
37.44,37.44,37.88,38.74,38.87,39.01,40.52,40.1,40.95,42.71,42.03,42.5,42.86
37.44,37.88,38.74,38.87,39.01,40.52,40.1,40.95,42.71,42.03,42.5,42.86,43.48
37.88,38.74,38.87,39.01,40.52,40.1,40.95,42.71,42.03,42.5,42.86,43.48,45.75
38.74,38.87,39.01,40.52,40.1,40.95,42.71,42.03,42.5,42.86,43.48,45.75,48.26
38.87,39.01,40.52,40.1,40.95,42.71,42.03,42.5,42.86,43.48,45.75,48.26,48.33
39.01,40.52,40.1,40.95,42.71,42.03,42.5,42.86,43.48,45.75,48.26,48.33,49.03
40.52,40.1,40.95,42.71,42.03,42.5,42.86,43.48,45.75,48.26,48.33,49.03,54.62
40.1,40.95,42.71,42.03,42.5,42.86,43.48,45.75,48.26,48.33,49.03,54.62,62.09
40.95,42.71,42.03,42.5,42.86,43.48,45.75,48.26,48.33,49.03,54.62,62.09,65.66
42.71,42.03,42.5,42.86,43.48,45.75,48.26,48.33,49.03,54.62,62.09,65.66,67.03
42.03,42.5,42.86,43.48,45.75,48.26,48.33,49.03,54.62,62.09,65.66,67.03,65.46
42.5,42.86,43.48,45.75,48.26,48.33,49.03,54.62,62.09,65.66,67.03,65.46,64.86
42.86,43.48,45.75,48.26,48.33,49.03,54.62,62.09,65.66,67.03,65.46,64.86,62.91
43.48,45.75,48.26,48.33,49.03,54.62,62.09,65.66,67.03,65.46,64.86,62.91,63.91
45.75,48.26,48.33,49.03,54.62,62.09,65.66,67.03,65.46,64.86,62.91,63.91,65.14
48.26,48.33,49.03,54.62,62.09,65.66,67.03,65.46,64.86,62.91,63.91,65.14,74.2
48.33,49.03,54.62,62.09,65.66,67.03,65.46,64.86,62.91,63.91,65.14,74.2,84.37
49.03,54.62,62.09,65.66,67.03,65.46,64.86,62.91,63.91,65.14,74.2,84.37,90.5
54.62,62.09,65.66,67.03,65.46,64.86,62.91,63.91,65.14,74.2,84.37,90.5,101.96
62.09,65.66,67.03,65.46,64.86,62.91,63.91,65.14,74.2,84.37,90.5,101.96,120.12
65.66,67.03,65.46,64.86,62.91,63.91,65.14,74.2,84.37,90.5,101.96,120.12,120.17
67.03,65.46,64.86,62.91,63.91,65.14,74.2,84.37,90.5,101.96,120.12,120.17,106.76
65.46,64.86,62.91,63.91,65.14,74.2,84.37,90.5,101.96,120.12,120.17,106.76,102.97
64.86,62.91,63.91,65.14,74.2,84.37,90.5,101.96,120.12,120.17,106.76,102.97,100.08
62.91,63.91,65.14,74.2,84.37,90.5,101.96,120.12,120.17,106.76,102.97,100.08,94.92
63.91,65.14,74.2,84.37,90.5,101.96,120.12,120.17,106.76,102.97,100.08,94.92,106.72
65.14,74.2,84.37,90.5,101.96,120.12,120.17,106.76,102.97,100.08,94.92,106.72,129.19
74.2,84.37,90.5,101.96,120.12,120.17,106.76,102.97,100.08,94.92,106.72,129.19,150.13
84.37,90.5,101.96,120.12,120.17,106.76,102.97,100.08,94.92,106.72,129.19,150.13,168.42
90.5,101.96,120.12,120.17,106.76,102.97,100.08,94.92,106.72,129.19,150.13,168.42,172.24
101.96,120.12,120.17,106.76,102.97,100.08,94.92,106.72,129.19,150.13,168.42,172.24,163.27
120.12,120.17,106.76,102.97,100.08,94.92,106.72,129.19,150.13,168.42,172.24,163.27,154.1
120.17,106.76,102.97,100.08,94.92,106.72,129.19,150.13,168.42,172.24,163.27,154.1,142.98
106.76,102.97,100.08,94.92,106.72,129.19,150.13,168.42,172.24,163.27,154.1,142.98,154.64
102.97,100.08,94.92,106.72,129.19,150.13,168.42,172.24,163.27,154.1,142.98,154.64,151.75
100.08,94.92,106.72,129.19,150.13,168.42,172.24,163.27,154.1,142.98,154.64,151.75,158.78
94.92,106.72,129.19,150.13,168.42,172.24,163.27,154.1,142.98,154.64,151.75,158.78,181.66
106.72,129.19,150.13,168.42,172.24,163.27,154.1,142.98,154.64,151.75,158.78,181.66,183.78
129.19,150.13,168.42,172.24,163.27,154.1,142.98,154.64,151.75,158.78,181.66,183.78,176.27
150.13,168.42,172.24,163.27,154.1,142.98,154.64,151.75,158.78,181.66,183.78,176.27,179.6
168.42,172.24,163.27,154.1,142.98,154.64,151.75,158.78,181.66,183.78,176.27,179.6,178.16
172.24,163.27,154.1,142.98,154.64,151.75,158.78,181.66,183.78,176.27,179.6,178.16,169.84
163.27,154.1,142.98,154.64,151.75,158.78,181.66,183.78,176.27,179.6,178.16,169.84,167.39
154.1,142.98,154.64,151.75,158.78,181.66,183.78,176.27,179.6,178.16,169.84,167.39,164.24
142.98,154.64,151.75,158.78,181.66,183.78,176.27,179.6,178.16,169.84,167.39,164.24,165.17
154.64,151.75,158.78,181.66,183.78,176.27,179.6,178.16,169.84,167.39,164.24,165.17,163.0
151.75,158.78,181.66,183.78,176.27,179.6,178.16,169.84,167.39,164.24,165.17,163.0,144.17
158.78,181.66,183.78,176.27,179.6,178.16,169.84,167.39,164.24,165.17,163.0,144.17,142.79
181.66,183.78,176.27,179.6,178.16,169.84,167.39,164.24,165.17,163.0,144.17,142.79,142.42
183.78,176.27,179.6,178.16,169.84,167.39,164.24,165.17,163.0,144.17,142.79,142.42,139.3
176.27,179.6,178.16,169.84,167.39,164.24,165.17,163.0,144.17,142.79,142.42,139.3,131.05
179.6,178.16,169.84,167.39,164.24,165.17,163.0,144.17,142.79,142.42,139.3,131.05,131.06
178.16,169.84,167.39,164.24,165.17,163.0,144.17,142.79,142.42,139.3,131.05,131.06,132.76
169.84,167.39,164.24,165.17,163.0,144.17,142.79,142.42,139.3,131.05,131.06,132.76,127.94
167.39,164.24,165.17,163.0,144.17,142.79,142.42,139.3,131.05,131.06,132.76,127.94,126.92
164.24,165.17,163.0,144.17,142.79,142.42,139.3,131.05,131.06,132.76,127.94,126.92,125.71
165.17,163.0,144.17,142.79,142.42,139.3,131.05,131.06,132.76,127.94,126.92,125.71,117.73
163.0,144.17,142.79,142.42,139.3,131.05,131.06,132.76,127.94,126.92,125.71,117.73,109.93
144.17,142.79,142.42,139.3,131.05,131.06,132.76,127.94,126.92,125.71,117.73,109.93,114.15
142.79,142.42,139.3,131.05,131.06,132.76,127.94,126.92,125.71,117.73,109.93,114.15,116.15
142.42,139.3,131.05,131.06,132.76,127.94,126.92,125.71,117.73,109.93,114.15,116.15,130.46
139.3,131.05,131.06,132.76,127.94,126.92,125.71,117.73,109.93,114.15,116.15,130.46,133.93
131.05,131.06,132.76,127.94,126.92,125.71,117.73,109.93,114.15,116.15,130.46,133.93,132.26
131.06,132.76,127.94,126.92,125.71,117.73,109.93,114.15,116.15,130.46,133.93,132.26,136.24
132.76,127.94,126.92,125.71,117.73,109.93,114.15,116.15,130.46,133.93,132.26,136.24,148.23
127.94,126.92,125.71,117.73,109.93,114.15,116.15,130.46,133.93,132.26,136.24,148.23,149.17
126.92,125.71,117.73,109.93,114.15,116.15,130.46,133.93,132.26,136.24,148.23,149.17,146.61
125.71,117.73,109.93,114.15,116.15,130.46,133.93,132.26,136.24,148.23,149.17,146.61,140.78
117.73,109.93,114.15,116.15,130.46,133.93,132.26,136.24,148.23,149.17,146.61,140.78,143.39
109.93,114.15,116.15,130.46,133.93,132.26,136.24,148.23,149.17,146.61,140.78,143.39,144.94
114.15,116.15,130.46,133.93,132.26,136.24,148.23,149.17,146.61,140.78,143.39,144.94,149.53
116.15,130.46,133.93,132.26,136.24,148.23,149.17,146.61,140.78,143.39,144.94,149.53,158.95
130.46,133.93,132.26,136.24,148.23,149.17,146.61,140.78,143.39,144.94,149.53,158.95,162.1
133.93,132.26,136.24,148.23,149.17,146.61,140.78,143.39,144.94,149.53,158.95,162.1,160.45
132.26,136.24,148.23,149.17,146.61,140.78,143.39,144.94,149.53,158.95,162.1,160.45,173.18
136.24,148.23,149.17,146.61,140.78,143.39,144.94,149.53,158.95,162.1,160.45,173.18,178.14
148.23,149.17,146.61,140.78,143.39,144.94,149.53,158.95,162.1,160.45,173.18,178.14,183.61
149.17,146.61,140.78,143.39,144.94,149.53,158.95,162.1,160.45,173.18,178.14,183.61,175.28
146.61,140.78,143.39,144.94,149.53,158.95,162.1,160.45,173.18,178.14,183.61,175.28,176.31
140.78,143.39,144.94,149.53,158.95,162.1,160.45,173.18,178.14,183.61,175.28,176.31,183.75
143.39,144.94,149.53,158.95,162.1,160.45,173.18,178.14,183.61,175.28,176.31,183.75,188.73
144.94,149.53,158.95,162.1,160.45,173.18,178.14,183.61,175.28,176.31,183.75,188.73,206.3
149.53,158.95,162.1,160.45,173.18,178.14,183.61,175.28,176.31,183.75,188.73,206.3,212.08
158.95,162.1,160.45,173.18,178.14,183.61,175.28,176.31,183.75,188.73,206.3,212.08,227.44
162.1,160.45,173.18,178.14,183.61,175.28,176.31,183.75,188.73,206.3,212.08,227.44,206.2
160.45,173.18,178.14,183.61,175.28,176.31,183.75,188.73,206.3,212.08,227.44,206.2,207.85
173.18,178.14,183.61,175.28,176.31,183.75,188.73,206.3,212.08,227.44,206.2,207.85,227.28
178.14,183.61,175.28,176.31,183.75,188.73,206.3,212.08,227.44,206.2,207.85,227.28,245.67
183.61,175.28,176.31,183.75,188.73,206.3,212.08,227.44,206.2,207.85,227.28,245.67,242.05
175.28,176.31,183.75,188.73,206.3,212.08,227.44,206.2,207.85,227.28,245.67,242.05,239.11
176.31,183.75,188.73,206.3,212.08,227.44,206.2,207.85,227.28,245.67,242.05,239.11,257.59
183.75,188.73,206.3,212.08,227.44,206.2,207.85,227.28,245.67,242.05,239.11,257.59,279.07
188.73,206.3,212.08,227.44,206.2,207.85,227.28,245.67,242.05,239.11,257.59,279.07,294.74
206.3,212.08,227.44,206.2,207.85,227.28,245.67,242.05,239.11,257.59,279.07,294.74,300.82
212.08,227.44,206.2,207.85,227.28,245.67,242.05,239.11,257.59,279.07,294.74,300.82,354.95
227.44,206.2,207.85,227.28,245.67,242.05,239.11,257.59,279.07,294.74,300.82,354.95,391.66
206.2,207.85,227.28,245.67,242.05,239.11,257.59,279.07,294.74,300.82,354.95,391.66,391.99
207.85,227.28,245.67,242.05,239.11,257.59,279.07,294.74,300.82,354.95,391.66,391.99,455.08
227.28,245.67,242.05,239.11,257.59,279.07,294.74,300.82,354.95,391.66,391.99,455.08,675.31
245.67,242.05,239.11,257.59,279.07,294.74,300.82,354.95,391.66,391.99,455.08,675.31,665.32
242.05,239.11,257.59,279.07,294.74,300.82,354.95,391.66,391.99,455.08,675.31,665.32,553.58
239.11,257.59,279.07,294.74,300.82,354.95,391.66,391.99,455.08,675.31,665.32,553.58,517.41
257.59,279.07,294.74,300.82,354.95,391.66,391.99,455.08,675.31,665.32,553.58,517.41,513.8
279.07,294.74,300.82,354.95,391.66,391.99,455.08,675.31,665.32,553.58,517.41,513.8,600.72
294.74,300.82,354.95,391.66,391.99,455.08,675.31,665.32,553.58,517.41,513.8,600.72,643.27
300.82,354.95,391.66,391.99,455.08,675.31,665.32,553.58,517.41,513.8,600.72,643.27,627.15
354.95,391.66,391.99,455.08,675.31,665.32,553.58,517.41,513.8,600.72,643.27,627.15,673.63
391.66,391.99,455.08,675.31,665.32,553.58,517.41,513.8,600.72,643.27,627.15,673.63,661.15
391.99,455.08,675.31,665.32,553.58,517.41,513.8,600.72,643.27,627.15,673.63,661.15,624.77
455.08,675.31,665.32,553.58,517.41,513.8,600.72,643.27,627.15,673.63,661.15,624.77,538.26
675.31,665.32,553.58,517.41,513.8,600.72,643.27,627.15,673.63,661.15,624.77,538.26,557.39
665.32,553.58,517.41,513.8,600.72,643.27,627.15,673.63,661.15,624.77,538.26,557.39,499.76
553.58,517.41,513.8,600.72,643.27,627.15,673.63,661.15,624.77,538.26,557.39,499.76,499.11
517.41,513.8,600.72,643.27,627.15,673.63,661.15,624.77,538.26,557.39,499.76,499.11,495.8
513.8,600.72,643.27,627.15,673.63,661.15,624.77,538.26,557.39,499.76,499.11,495.8,479.7
600.72,643.27,627.15,673.63,661.15,624.77,538.26,557.39,499.76,499.11,495.8,479.7,461.09
643.27,627.15,673.63,661.15,624.77,538.26,557.39,499.76,499.11,495.8,479.7,461.09,409.07
627.15,673.63,661.15,624.77,538.26,557.39,499.76,499.11,495.8,479.7,461.09,409.07,410.16
673.63,661.15,624.77,538.26,557.39,499.76,499.11,495.8,479.7,461.09,409.07,410.16,443.75
661.15,624.77,538.26,557.39,499.76,499.11,495.8,479.7,461.09,409.07,410.16,443.75,437.76
624.77,538.26,557.39,499.76,499.11,495.8,479.7,461.09,409.07,410.16,443.75,437.76,413.37
538.26,557.39,499.76,499.11,495.8,479.7,461.09,409.07,410.16,443.75,437.76,413.37,410.09
557.39,499.76,499.11,495.8,479.7,461.09,409.07,410.16,443.75,437.76,413.37,410.09,384.14
499.76,499.11,495.8,479.7,461.09,409.07,410.16,443.75,437.76,413.37,410.09,384.14,374.13
499.11,495.8,479.7,461.09,409.07,410.16,443.75,437.76,413.37,410.09,384.14,374.13,330.25
495.8,479.7,461.09,409.07,410.16,443.75,437.76,413.37,410.09,384.14,374.13,330.25,350.3
479.7,461.09,409.07,410.16,443.75,437.76,413.37,410.09,384.14,374.13,330.25,350.3,333.71
461.09,409.07,410.16,443.75,437.76,413.37,410.09,384.14,374.13,330.25,350.3,333.71,314.98
409.07,410.16,443.75,437.76,413.37,410.09,384.14,374.13,330.25,350.3,333.71,314.98,338.97
410.16,443.75,437.76,413.37,410.09,384.14,374.13,330.25,350.3,333.71,314.98,338.97,364.23
443.75,437.76,413.37,410.09,384.14,374.13,330.25,350.3,333.71,314.98,338.97,364.23,437.31
437.76,413.37,410.09,384.14,374.13,330.25,350.3,333.71,314.98,338.97,364.23,437.31,422.15
413.37,410.09,384.14,374.13,330.25,350.3,333.71,314.98,338.97,364.23,437.31,422.15,414.89
410.09,384.14,374.13,330.25,350.3,333.71,314.98,338.97,364.23,437.31,422.15,414.89,444.5
384.14,374.13,330.25,350.3,333.71,314.98,338.97,364.23,437.31,422.15,414.89,444.5,481.29
374.13,330.25,350.3,333.71,314.98,338.97,364.23,437.31,422.15,414.89,444.5,481.29,491.09
330.25,350.3,333.71,314.98,338.97,364.23,437.31,422.15,414.89,444.5,481.29,491.09,419.7
350.3,333.71,314.98,338.97,364.23,437.31,422.15,414.89,444.5,481.29,491.09,419.7,432.88
333.71,314.98,338.97,364.23,437.31,422.15,414.89,444.5,481.29,491.09,419.7,432.88,438.01
314.98,338.97,364.23,437.31,422.15,414.89,444.5,481.29,491.09,419.7,432.88,438.01,412.84
338.97,364.23,437.31,422.15,414.89,444.5,481.29,491.09,419.7,432.88,438.01,412.84,402.91
364.23,437.31,422.15,414.89,444.5,481.29,491.09,419.7,432.88,438.01,412.84,402.91,416.2
437.31,422.15,414.89,444.5,481.29,491.09,419.7,432.88,438.01,412.84,402.91,416.2,411.8
422.15,414.89,444.5,481.29,491.09,419.7,432.88,438.01,412.84,402.91,416.2,411.8,393.6
414.89,444.5,481.29,491.09,419.7,432.88,438.01,412.84,402.91,416.2,411.8,393.6,381.7
444.5,481.29,491.09,419.7,432.88,438.01,412.84,402.91,416.2,411.8,393.6,381.7,388.34
481.29,491.09,419.7,432.88,438.01,412.84,402.91,416.2,411.8,393.6,381.7,388.34,370.89
491.09,419.7,432.88,438.01,412.84,402.91,416.2,411.8,393.6,381.7,388.34,370.89,385.96
419.7,432.88,438.01,412.84,402.91,416.2,411.8,393.6,381.7,388.34,370.89,385.96,394.26
432.88,438.01,412.84,402.91,416.2,411.8,393.6,381.7,388.34,370.89,385.96,394.26,381.37
438.01,412.84,402.91,416.2,411.8,393.6,381.7,388.34,370.89,385.96,394.26,381.37,377.4
412.84,402.91,416.2,411.8,393.6,381.7,388.34,370.89,385.96,394.26,381.37,377.4,377.7
402.91,416.2,411.8,393.6,381.7,388.34,370.89,385.96,394.26,381.37,377.4,377.7,347.71
416.2,411.8,393.6,381.7,388.34,370.89,385.96,394.26,381.37,377.4,377.7,347.71,347.7
411.8,393.6,381.7,388.34,370.89,385.96,394.26,381.37,377.4,377.7,347.71,347.7,340.2
393.6,381.7,388.34,370.89,385.96,394.26,381.37,377.4,377.7,347.71,347.7,340.2,341.0
381.7,388.34,370.89,385.96,394.26,381.37,377.4,377.7,347.71,347.7,340.2,341.0,342.0
388.34,370.89,385.96,394.26,381.37,377.4,377.7,347.71,347.7,340.2,341.0,342.0,319.54
370.89,385.96,394.26,381.37,377.4,377.7,347.71,347.7,340.2,341.0,342.0,319.54,302.79
385.96,394.26,381.37,377.4,377.7,347.71,347.7,340.2,341.0,342.0,319.54,302.79,299.1
394.26,381.37,377.4,377.7,347.71,347.7,340.2,341.0,342.0,319.54,302.79,299.1,313.5
381.37,377.4,377.7,347.71,347.7,340.2,341.0,342.0,319.54,302.79,299.1,313.5,326.8
377.4,377.7,347.71,347.7,340.2,341.0,342.0,319.54,302.79,299.1,313.5,326.8,316.0
377.7,347.71,347.7,340.2,341.0,342.0,319.54,302.79,299.1,313.5,326.8,316.0,316.5
347.71,347.7,340.2,341.0,342.0,319.54,302.79,299.1,313.5,326.8,316.0,316.5,317.2
347.7,340.2,341.0,342.0,319.54,302.79,299.1,313.5,326.8,316.0,316.5,317.2,330.4
340.2,341.0,342.0,319.54,302.79,299.1,313.5,326.8,316.0,316.5,317.2,330.4,323.35
341.0,342.0,319.54,302.79,299.1,313.5,326.8,316.0,316.5,317.2,330.4,323.35,325.85
342.0,319.54,302.79,299.1,313.5,326.8,316.0,316.5,317.2,330.4,323.35,325.85,321.5
319.54,302.79,299.1,313.5,326.8,316.0,316.5,317.2,330.4,323.35,325.85,321.5,321.9
302.79,299.1,313.5,326.8,316.0,316.5,317.2,330.4,323.35,325.85,321.5,321.9,347.48
299.1,313.5,326.8,316.0,316.5,317.2,330.4,323.35,325.85,321.5,321.9,347.48,338.89
313.5,326.8,316.0,316.5,317.2,330.4,323.35,325.85,321.5,321.9,347.48,338.89,345.7
326.8,316.0,316.5,317.2,330.4,323.35,325.85,321.5,321.9,347.48,338.89,345.7,340.44
316.0,316.5,317.2,330.4,323.35,325.85,321.5,321.9,347.48,338.89,345.7,340.44,342.4
316.5,317.2,330.4,323.35,325.85,321.5,321.9,347.48,338.89,345.7,340.44,342.4,342.7
317.2,330.4,323.35,325.85,321.5,321.9,347.48,338.89,345.7,340.44,342.4,342.7,348.34
330.4,323.35,325.85,321.5,321.9,347.48,338.89,345.7,340.44,342.4,342.7,348.34,376.66
323.35,325.85,321.5,321.9,347.48,338.89,345.7,340.44,342.4,342.7,348.34,376.66,417.73
325.85,321.5,321.9,347.48,338.89,345.7,340.44,342.4,342.7,348.34,376.66,417.73,423.51
321.5,321.9,347.48,338.89,345.7,340.44,342.4,342.7,348.34,376.66,417.73,423.51,397.56
321.9,347.48,338.89,345.7,340.44,342.4,342.7,348.34,376.66,417.73,423.51,397.56,390.92
347.48,338.89,345.7,340.44,342.4,342.7,348.34,376.66,417.73,423.51,397.56,390.92,408.26
338.89,345.7,340.44,342.4,342.7,348.34,376.66,417.73,423.51,397.56,390.92,408.26,401.12
345.7,340.44,342.4,342.7,348.34,376.66,417.73,423.51,397.56,390.92,408.26,401.12,408.91
340.44,342.4,342.7,348.34,376.66,417.73,423.51,397.56,390.92,408.26,401.12,408.91,438.35
342.4,342.7,348.34,376.66,417.73,423.51,397.56,390.92,408.26,401.12,408.91,438.35,460.23
342.7,348.34,376.66,417.73,423.51,397.56,390.92,408.26,401.12,408.91,438.35,460.23,449.59
348.34,376.66,417.73,423.51,397.56,390.92,408.26,401.12,408.91,438.35,460.23,449.59,450.52
376.66,417.73,423.51,397.56,390.92,408.26,401.12,408.91,438.35,460.23,449.59,450.52,461.15
417.73,423.51,397.56,390.92,408.26,401.12,408.91,438.35,460.23,449.59,450.52,461.15,460.38
423.51,397.56,390.92,408.26,401.12,408.91,438.35,460.23,449.59,450.52,461.15,460.38,465.35
397.56,390.92,408.26,401.12,408.91,438.35,460.23,449.59,450.52,461.15,460.38,465.35,467.57
390.92,408.26,401.12,408.91,438.35,460.23,449.59,450.52,461.15,460.38,465.35,467.57,486.24
408.26,401.12,408.91,438.35,460.23,449.59,450.52,461.15,460.38,465.35,467.57,486.24,476.58
401.12,408.91,438.35,460.23,449.59,450.52,461.15,460.38,465.35,467.57,486.24,476.58,442.07
408.91,438.35,460.23,449.59,450.52,461.15,460.38,465.35,467.57,486.24,476.58,442.07,443.61
438.35,460.23,449.59,450.52,461.15,460.38,465.35,467.57,486.24,476.58,442.07,443.61,451.55
460.23,449.59,450.52,461.15,460.38,465.35,467.57,486.24,476.58,442.07,443.61,451.55,451.07
449.59,450.52,461.15,460.38,465.35,467.57,486.24,476.58,442.07,443.61,451.55,451.07,451.33
450.52,461.15,460.38,465.35,467.57,486.24,476.58,442.07,443.61,451.55,451.07,451.33,437.63
461.15,460.38,465.35,467.57,486.24,476.58,442.07,443.61,451.55,451.07,451.33,437.63,431.28
460.38,465.35,467.57,486.24,476.58,442.07,443.61,451.55,451.07,451.33,437.63,431.28,413.46
465.35,467.57,486.24,476.58,442.07,443.61,451.55,451.07,451.33,437.63,431.28,413.46,406.78
467.57,486.24,476.58,442.07,443.61,451.55,451.07,451.33,437.63,431.28,413.46,406.78,420.17
486.24,476.58,442.07,443.61,451.55,451.07,451.33,437.63,431.28,413.46,406.78,420.17,419.05
476.58,442.07,443.61,451.55,451.07,451.33,437.63,431.28,413.46,406.78,420.17,419.05,404.01
442.07,443.61,451.55,451.07,451.33,437.63,431.28,413.46,406.78,420.17,419.05,404.01,387.51
443.61,451.55,451.07,451.33,437.63,431.28,413.46,406.78,420.17,419.05,404.01,387.51,390.15
451.55,451.07,451.33,437.63,431.28,413.46,406.78,420.17,419.05,404.01,387.51,390.15,384.4
451.07,451.33,437.63,431.28,413.46,406.78,420.17,419.05,404.01,387.51,390.15,384.4,371.05
451.33,437.63,431.28,413.46,406.78,420.17,419.05,404.01,387.51,390.15,384.4,371.05,367.6
437.63,431.28,413.46,406.78,420.17,419.05,404.01,387.51,390.15,384.4,371.05,367.6,375.04
431.28,413.46,406.78,420.17,419.05,404.01,387.51,390.15,384.4,371.05,367.6,375.04,365.14
413.46,406.78,420.17,419.05,404.01,387.51,390.15,384.4,371.05,367.6,375.04,365.14,361.75
406.78,420.17,419.05,404.01,387.51,390.15,384.4,371.05,367.6,375.04,365.14,361.75,366.88
420.17,419.05,404.01,387.51,390.15,384.4,371.05,367.6,375.04,365.14,361.75,366.88,394.26
419.05,404.01,387.51,390.15,384.4,371.05,367.6,375.04,365.14,361.75,366.88,394.26,409.39
404.01,387.51,390.15,384.4,371.05,367.6,375.04,365.14,361.75,366.88,394.26,409.39,410.11
387.51,390.15,384.4,371.05,367.6,375.04,365.14,361.75,366.88,394.26,409.39,410.11,416.81
390.15,384.4,371.05,367.6,375.04,365.14,361.75,366.88,394.26,409.39,410.11,416.81,393.06
384.4,371.05,367.6,375.04,365.14,361.75,366.88,394.26,409.39,410.11,416.81,393.06,374.24
371.05,367.6,375.04,365.14,361.75,366.88,394.26,409.39,410.11,416.81,393.06,374.24,369.05
367.6,375.04,365.14,361.75,366.88,394.26,409.39,410.11,416.81,393.06,374.24,369.05,352.33
375.04,365.14,361.75,366.88,394.26,409.39,410.11,416.81,393.06,374.24,369.05,352.33,362.53
365.14,361.75,366.88,394.26,409.39,410.11,416.81,393.06,374.24,369.05,352.33,362.53,394.73
361.75,366.88,394.26,409.39,410.11,416.81,393.06,374.24,369.05,352.33,362.53,394.73,389.32
366.88,394.26,409.39,410.11,416.81,393.06,374.24,369.05,352.33,362.53,394.73,389.32,380.74
394.26,409.39,410.11,416.81,393.06,374.24,369.05,352.33,362.53,394.73,389.32,380.74,381.73
409.39,410.11,416.81,393.06,374.24,369.05,352.33,362.53,394.73,389.32,380.74,381.73,376.95
410.11,416.81,393.06,374.24,369.05,352.33,362.53,394.73,389.32,380.74,381.73,376.95,383.64
416.81,393.06,374.24,369.05,352.33,362.53,394.73,389.32,380.74,381.73,376.95,383.64,363.83
393.06,374.24,369.05,352.33,362.53,394.73,389.32,380.74,381.73,376.95,383.64,363.83,363.34
374.24,369.05,352.33,362.53,394.73,389.32,380.74,381.73,376.95,383.64,363.83,363.34,358.38
369.05,352.33,362.53,394.73,389.32,380.74,381.73,376.95,383.64,363.83,363.34,358.38,356.95
352.33,362.53,394.73,389.32,380.74,381.73,376.95,383.64,363.83,363.34,358.38,356.95,366.72
362.53,394.73,389.32,380.74,381.73,376.95,383.64,363.83,363.34,358.38,356.95,366.72,367.69
394.73,389.32,380.74,381.73,376.95,383.64,363.83,363.34,358.38,356.95,366.72,367.69,356.31
389.32,380.74,381.73,376.95,383.64,363.83,363.34,358.38,356.95,366.72,367.69,356.31,348.74
380.74,381.73,376.95,383.64,363.83,363.34,358.38,356.95,366.72,367.69,356.31,348.74,358.69
381.73,376.95,383.64,363.83,363.34,358.38,356.95,366.72,367.69,356.31,348.74,358.69,360.17
376.95,383.64,363.83,363.34,358.38,356.95,366.72,367.69,356.31,348.74,358.69,360.17,361.73
383.64,363.83,363.34,358.38,356.95,366.72,367.69,356.31,348.74,358.69,360.17,361.73,354.45
363.83,363.34,358.38,356.95,366.72,367.69,356.31,348.74,358.69,360.17,361.73,354.45,353.91
363.34,358.38,356.95,366.72,367.69,356.31,348.74,358.69,360.17,361.73,354.45,353.91,344.34
358.38,356.95,366.72,367.69,356.31,348.74,358.69,360.17,361.73,354.45,353.91,344.34,338.62
356.95,366.72,367.69,356.31,348.74,358.69,360.17,361.73,354.45,353.91,344.34,338.62,337.24
366.72,367.69,356.31,348.74,358.69,360.17,361.73,354.45,353.91,344.34,338.62,337.24,340.81
367.69,356.31,348.74,358.69,360.17,361.73,354.45,353.91,344.34,338.62,337.24,340.81,352.72
356.31,348.74,358.69,360.17,361.73,354.45,353.91,344.34,338.62,337.24,340.81,352.72,343.06
348.74,358.69,360.17,361.73,354.45,353.91,344.34,338.62,337.24,340.81,352.72,343.06,345.43
358.69,360.17,361.73,354.45,353.91,344.34,338.62,337.24,340.81,352.72,343.06,345.43,344.38
360.17,361.73,354.45,353.91,344.34,338.62,337.24,340.81,352.72,343.06,345.43,344.38,335.02
361.73,354.45,353.91,344.34,338.62,337.24,340.81,352.72,343.06,345.43,344.38,335.02,334.82
354.45,353.91,344.34,338.62,337.24,340.81,352.72,343.06,345.43,344.38,335.02,334.82,329.01
353.91,344.34,338.62,337.24,340.81,352.72,343.06,345.43,344.38,335.02,334.82,329.01,329.31
344.34,338.62,337.24,340.81,352.72,343.06,345.43,344.38,335.02,334.82,329.01,329.31,330.08
338.62,337.24,340.81,352.72,343.06,345.43,344.38,335.02,334.82,329.01,329.31,330.08,342.15
337.24,340.81,352.72,343.06,345.43,344.38,335.02,334.82,329.01,329.31,330.08,342.15,367.18
340.81,352.72,343.06,345.43,344.38,335.02,334.82,329.01,329.31,330.08,342.15,367.18,371.89
352.72,343.06,345.43,344.38,335.02,334.82,329.01,329.31,330.08,342.15,367.18,371.89,392.19
343.06,345.43,344.38,335.02,334.82,329.01,329.31,330.08,342.15,367.18,371.89,392.19,378.84
345.43,344.38,335.02,334.82,329.01,329.31,330.08,342.15,367.18,371.89,392.19,378.84,355.28
344.38,335.02,334.82,329.01,329.31,330.08,342.15,367.18,371.89,392.19,378.84,355.28,364.18
335.02,334.82,329.01,329.31,330.08,342.15,367.18,371.89,392.19,378.84,355.28,364.18,373.83
334.82,329.01,329.31,330.08,342.15,367.18,371.89,392.19,378.84,355.28,364.18,373.83,383.3
329.01,329.31,330.08,342.15,367.18,371.89,392.19,378.84,355.28,364.18,373.83,383.3,386.88
329.31,330.08,342.15,367.18,371.89,392.19,378.84,355.28,364.18,373.83,383.3,386.88,381.91
330.08,342.15,367.18,371.89,392.19,378.84,355.28,364.18,373.83,383.3,386.88,381.91,384.13
342.15,367.18,371.89,392.19,378.84,355.28,364.18,373.83,383.3,386.88,381.91,384.13,377.27
367.18,371.89,392.19,378.84,355.28,364.18,373.83,383.3,386.88,381.91,384.13,377.27,381.43
371.89,392.19,378.84,355.28,364.18,373.83,383.3,386.88,381.91,384.13,377.27,381.43,385.64
392.19,378.84,355.28,364.18,373.83,383.3,386.88,381.91,384.13,377.27,381.43,385.64,385.49
378.84,355.28,364.18,373.83,383.3,386.88,381.91,384.13,377.27,381.43,385.64,385.49,380.36
355.28,364.18,373.83,383.3,386.88,381.91,384.13,377.27,381.43,385.64,385.49,380.36,391.58
364.18,373.83,383.3,386.88,381.91,384.13,377.27,381.43,385.64,385.49,380.36,391.58,389.77
373.83,383.3,386.88,381.91,384.13,377.27,381.43,385.64,385.49,380.36,391.58,389.77,384.39
383.3,386.88,381.91,384.13,377.27,381.43,385.64,385.49,380.36,391.58,389.77,384.39,379.29
386.88,381.91,384.13,377.27,381.43,385.64,385.49,380.36,391.58,389.77,384.39,379.29,378.55
381.91,384.13,377.27,381.43,385.64,385.49,380.36,391.58,389.77,384.39,379.29,378.55,376.64
384.13,377.27,381.43,385.64,385.49,380.36,391.58,389.77,384.39,379.29,378.55,376.64,382.12
377.27,381.43,385.64,385.49,380.36,391.58,389.77,384.39,379.29,378.55,376.64,382.12,391.03
381.43,385.64,385.49,380.36,391.58,389.77,384.39,379.29,378.55,376.64,382.12,391.03,385.22
385.64,385.49,380.36,391.58,389.77,384.39,379.29,378.55,376.64,382.12,391.03,385.22,387.56
385.49,380.36,391.58,389.77,384.39,379.29,378.55,376.64,382.12,391.03,385.22,387.56,386.23
380.36,391.58,389.77,384.39,379.29,378.55,376.64,382.12,391.03,385.22,387.56,386.23,383.67
391.58,389.77,384.39,379.29,378.55,376.64,382.12,391.03,385.22,387.56,386.23,383.67,383.06
389.77,384.39,379.29,378.55,376.64,382.12,391.03,385.22,387.56,386.23,383.67,383.06,383.14
384.39,379.29,378.55,376.64,382.12,391.03,385.22,387.56,386.23,383.67,383.06,383.14,385.31
379.29,378.55,376.64,382.12,391.03,385.22,387.56,386.23,383.67,383.06,383.14,385.31,387.44
378.55,376.64,382.12,391.03,385.22,387.56,386.23,383.67,383.06,383.14,385.31,387.44,399.45
376.64,382.12,391.03,385.22,387.56,386.23,383.67,383.06,383.14,385.31,387.44,399.45,404.76
382.12,391.03,385.22,387.56,386.23,383.67,383.06,383.14,385.31,387.44,399.45,404.76,396.21
391.03,385.22,387.56,386.23,383.67,383.06,383.14,385.31,387.44,399.45,404.76,396.21,392.85
385.22,387.56,386.23,383.67,383.06,383.14,385.31,387.44,399.45,404.76,396.21,392.85,391.93
387.56,386.23,383.67,383.06,383.14,385.31,387.44,399.45,404.76,396.21,392.85,391.93,385.27
386.23,383.67,383.06,383.14,385.31,387.44,399.45,404.76,396.21,392.85,391.93,385.27,383.47
383.67,383.06,383.14,385.31,387.44,399.45,404.76,396.21,392.85,391.93,385.27,383.47,387.35
383.06,383.14,385.31,387.44,399.45,404.76,396.21,392.85,391.93,385.27,383.47,387.35,383.14
383.14,385.31,387.44,399.45,404.76,396.21,392.85,391.93,385.27,383.47,387.35,383.14,381.07
385.31,387.44,399.45,404.76,396.21,392.85,391.93,385.27,383.47,387.35,383.14,381.07,377.85
387.44,399.45,404.76,396.21,392.85,391.93,385.27,383.47,387.35,383.14,381.07,377.85,369.0
399.45,404.76,396.21,392.85,391.93,385.27,383.47,387.35,383.14,381.07,377.85,369.0,355.11
404.76,396.21,392.85,391.93,385.27,383.47,387.35,383.14,381.07,377.85,369.0,355.11,346.58
396.21,392.85,391.93,385.27,383.47,387.35,383.14,381.07,377.85,369.0,355.11,346.58,351.81
392.85,391.93,385.27,383.47,387.35,383.14,381.07,377.85,369.0,355.11,346.58,351.81,344.47
391.93,385.27,383.47,387.35,383.14,381.07,377.85,369.0,355.11,346.58,351.81,344.47,343.84
385.27,383.47,387.35,383.14,381.07,377.85,369.0,355.11,346.58,351.81,344.47,343.84,340.76
383.47,387.35,383.14,381.07,377.85,369.0,355.11,346.58,351.81,344.47,343.84,340.76,324.1
387.35,383.14,381.07,377.85,369.0,355.11,346.58,351.81,344.47,343.84,340.76,324.1,324.01
383.14,381.07,377.85,369.0,355.11,346.58,351.81,344.47,343.84,340.76,324.1,324.01,322.82
381.07,377.85,369.0,355.11,346.58,351.81,344.47,343.84,340.76,324.1,324.01,322.82,324.87
377.85,369.0,355.11,346.58,351.81,344.47,343.84,340.76,324.1,324.01,322.82,324.87,306.04
369.0,355.11,346.58,351.81,344.47,343.84,340.76,324.1,324.01,322.82,324.87,306.04,288.74
355.11,346.58,351.81,344.47,343.84,340.76,324.1,324.01,322.82,324.87,306.04,288.74,289.1
346.58,351.81,344.47,343.84,340.76,324.1,324.01,322.82,324.87,306.04,288.74,289.1,297.49
351.81,344.47,343.84,340.76,324.1,324.01,322.82,324.87,306.04,288.74,289.1,297.49,295.94
344.47,343.84,340.76,324.1,324.01,322.82,324.87,306.04,288.74,289.1,297.49,295.94,308.29
343.84,340.76,324.1,324.01,322.82,324.87,306.04,288.74,289.1,297.49,295.94,308.29,299.1
340.76,324.1,324.01,322.82,324.87,306.04,288.74,289.1,297.49,295.94,308.29,299.1,292.32
324.1,324.01,322.82,324.87,306.04,288.74,289.1,297.49,295.94,308.29,299.1,292.32,292.87
324.01,322.82,324.87,306.04,288.74,289.1,297.49,295.94,308.29,299.1,292.32,292.87,284.11
322.82,324.87,306.04,288.74,289.1,297.49,295.94,308.29,299.1,292.32,292.87,284.11,288.98
324.87,306.04,288.74,289.1,297.49,295.94,308.29,299.1,292.32,292.87,284.11,288.98,295.93
306.04,288.74,289.1,297.49,295.94,308.29,299.1,292.32,292.87,284.11,288.98,295.93,294.12
288.74,289.1,297.49,295.94,308.29,299.1,292.32,292.87,284.11,288.98,295.93,294.12,291.68
289.1,297.49,295.94,308.29,299.1,292.32,292.87,284.11,288.98,295.93,294.12,291.68,287.08
297.49,295.94,308.29,299.1,292.32,292.87,284.11,288.98,295.93,294.12,291.68,287.08,287.33
295.94,308.29,299.1,292.32,292.87,284.11,288.98,295.93,294.12,291.68,287.08,287.33,285.96
308.29,299.1,292.32,292.87,284.11,288.98,295.93,294.12,291.68,287.08,287.33,285.96,282.62
299.1,292.32,292.87,284.11,288.98,295.93,294.12,291.68,287.08,287.33,285.96,282.62,276.44
292.32,292.87,284.11,288.98,295.93,294.12,291.68,287.08,287.33,285.96,282.62,276.44,261.31
292.87,284.11,288.98,295.93,294.12,291.68,287.08,287.33,285.96,282.62,276.44,261.31,256.08
284.11,288.98,295.93,294.12,291.68,287.08,287.33,285.96,282.62,276.44,261.31,256.08,256.69
288.98,295.93,294.12,291.68,287.08,287.33,285.96,282.62,276.44,261.31,256.08,256.69,264.74
295.93,294.12,291.68,287.08,287.33,285.96,282.62,276.44,261.31,256.08,256.69,264.74,310.72
294.12,291.68,287.08,287.33,285.96,282.62,276.44,261.31,256.08,256.69,264.74,310.72,293.18
291.68,287.08,287.33,285.96,282.62,276.44,261.31,256.08,256.69,264.74,310.72,293.18,283.07
287.08,287.33,285.96,282.62,276.44,261.31,256.08,256.69,264.74,310.72,293.18,283.07,284.32
287.33,285.96,282.62,276.44,261.31,256.08,256.69,264.74,310.72,293.18,283.07,284.32,299.86
285.96,282.62,276.44,261.31,256.08,256.69,264.74,310.72,293.18,283.07,284.32,299.86,286.39
282.62,276.44,261.31,256.08,256.69,264.74,310.72,293.18,283.07,284.32,299.86,286.39,279.69
276.44,261.31,256.08,256.69,264.74,310.72,293.18,283.07,284.32,299.86,286.39,279.69,275.19
261.31,256.08,256.69,264.74,310.72,293.18,283.07,284.32,299.86,286.39,279.69,275.19,285.73
256.08,256.69,264.74,310.72,293.18,283.07,284.32,299.86,286.39,279.69,275.19,285.73,281.59
256.69,264.74,310.72,293.18,283.07,284.32,299.86,286.39,279.69,275.19,285.73,281.59,274.47
264.74,310.72,293.18,283.07,284.32,299.86,286.39,279.69,275.19,285.73,281.59,274.47,273.68
310.72,293.18,283.07,284.32,299.86,286.39,279.69,275.19,285.73,281.59,274.47,273.68,270.0
293.18,283.07,284.32,299.86,286.39,279.69,275.19,285.73,281.59,274.47,273.68,270.0,266.01
283.07,284.32,299.86,286.39,279.69,275.19,285.73,281.59,274.47,273.68,270.0,266.01,271.45
284.32,299.86,286.39,279.69,275.19,285.73,281.59,274.47,273.68,270.0,266.01,271.45,265.49
299.86,286.39,279.69,275.19,285.73,281.59,274.47,273.68,270.0,266.01,271.45,265.49,261.87
286.39,279.69,275.19,285.73,281.59,274.47,273.68,270.0,266.01,271.45,265.49,261.87,263.03
279.69,275.19,285.73,281.59,274.47,273.68,270.0,266.01,271.45,265.49,261.87,263.03,260.48
275.19,285.73,281.59,274.47,273.68,270.0,266.01,271.45,265.49,261.87,263.03,260.48,272.36
285.73,281.59,274.47,273.68,270.0,266.01,271.45,265.49,261.87,263.03,260.48,272.36,270.23
281.59,274.47,273.68,270.0,266.01,271.45,265.49,261.87,263.03,260.48,272.36,270.23,267.53
274.47,273.68,270.0,266.01,271.45,265.49,261.87,263.03,260.48,272.36,270.23,267.53,272.39
273.68,270.0,266.01,271.45,265.49,261.87,263.03,260.48,272.36,270.23,267.53,272.39,283.42
270.0,266.01,271.45,265.49,261.87,263.03,260.48,272.36,270.23,267.53,272.39,283.42,283.06
266.01,271.45,265.49,261.87,263.03,260.48,272.36,270.23,267.53,272.39,283.42,283.06,276.16
271.45,265.49,261.87,263.03,260.48,272.36,270.23,267.53,272.39,283.42,283.06,276.16,275.85
265.49,261.87,263.03,260.48,272.36,270.23,267.53,272.39,283.42,283.06,276.16,275.85,281.51
261.87,263.03,260.48,272.36,270.23,267.53,272.39,283.42,283.06,276.16,275.85,281.51,295.5
263.03,260.48,272.36,270.23,267.53,272.39,283.42,283.06,276.16,275.85,281.51,295.5,294.06
260.48,272.36,270.23,267.53,272.39,283.42,283.06,276.16,275.85,281.51,295.5,294.06,302.68
272.36,270.23,267.53,272.39,283.42,283.06,276.16,275.85,281.51,295.5,294.06,302.68,314.49
270.23,267.53,272.39,283.42,283.06,276.16,275.85,281.51,295.5,294.06,302.68,314.49,321.18
267.53,272.39,283.42,283.06,276.16,275.85,281.51,295.5,294.06,302.68,314.49,321.18,313.29
272.39,283.42,283.06,276.16,275.85,281.51,295.5,294.06,302.68,314.49,321.18,313.29,310.26
283.42,283.06,276.16,275.85,281.51,295.5,294.06,302.68,314.49,321.18,313.29,310.26,319.14
283.06,276.16,275.85,281.51,295.5,294.06,302.68,314.49,321.18,313.29,310.26,319.14,316.56
276.16,275.85,281.51,295.5,294.06,302.68,314.49,321.18,313.29,310.26,319.14,316.56,319.07
275.85,281.51,295.5,294.06,302.68,314.49,321.18,313.29,310.26,319.14,316.56,319.07,331.92
281.51,295.5,294.06,302.68,314.49,321.18,313.29,310.26,319.14,316.56,319.07,331.92,356.859
295.5,294.06,302.68,314.49,321.18,313.29,310.26,319.14,316.56,319.07,331.92,356.859,358.97
294.06,302.68,314.49,321.18,313.29,310.26,319.14,316.56,319.07,331.92,356.859,358.97,340.55
302.68,314.49,321.18,313.29,310.26,319.14,316.56,319.07,331.92,356.859,358.97,340.55,328.18
314.49,321.18,313.29,310.26,319.14,316.56,319.07,331.92,356.859,358.97,340.55,328.18,355.683
321.18,313.29,310.26,319.14,316.56,319.07,331.92,356.859,358.97,340.55,328.18,355.683,356.352
313.29,310.26,319.14,316.56,319.07,331.92,356.859,358.97,340.55,328.18,355.683,356.352,351.02
310.26,319.14,316.56,319.07,331.92,356.859,358.97,340.55,328.18,355.683,356.352,351.02,359.768
319.14,316.56,319.07,331.92,356.859,358.97,340.55,328.18,355.683,356.352,351.02,359.768,378.945
316.56,319.07,331.92,356.859,358.97,340.55,328.18,355.683,356.352,351.02,359.768,378.945,378.92
319.07,331.92,356.859,358.97,340.55,328.18,355.683,356.352,351.02,359.768,378.945,378.92,389.91
331.92,356.859,358.97,340.55,328.18,355.683,356.352,351.02,359.768,378.945,378.92,389.91,406.953
356.859,358.97,340.55,328.18,355.683,356.352,351.02,359.768,378.945,378.92,389.91,406.953,413.788
358.97,340.55,328.18,355.683,356.352,351.02,359.768,378.945,378.92,389.91,406.953,413.788,404.878
340.55,328.18,355.683,356.352,351.02,359.768,378.945,378.92,389.91,406.953,413.788,404.878,406.667
328.18,355.683,356.352,351.02,359.768,378.945,378.92,389.91,406.953,413.788,404.878,406.667,403.26
355.683,356.352,351.02,359.768,378.945,378.92,389.91,406.953,413.788,404.878,406.667,403.26,383.779
356.352,351.02,359.768,378.945,378.92,389.91,406.953,413.788,404.878,406.667,403.26,383.779,392.373
351.02,359.768,378.945,378.92,389.91,406.953,413.788,404.878,406.667,403.26,383.779,392.373,398.091
359.768,378.945,378.92,389.91,406.953,413.788,404.878,406.667,403.26,383.779,392.373,398.091,400.51
378.945,378.92,389.91,406.953,413.788,404.878,406.667,403.26,383.779,392.373,398.091,400.51,405.275
378.92,389.91,406.953,413.788,404.878,406.667,403.26,383.779,392.373,398.091,400.51,405.275,420.464
389.91,406.953,413.788,404.878,406.667,403.26,383.779,392.373,398.091,400.51,405.275,420.464,439.375
406.953,413.788,404.878,406.667,403.26,383.779,392.373,398.091,400.51,405.275,420.464,439.375,442.079
413.788,404.878,406.667,403.26,383.779,392.373,398.091,400.51,405.275,420.464,439.375,442.079,424.03
404.878,406.667,403.26,383.779,392.373,398.091,400.51,405.275,420.464,439.375,442.079,424.03,423.35
406.667,403.26,383.779,392.373,398.091,400.51,405.275,420.464,439.375,442.079,424.03,423.35,433.85
403.26,383.779,392.373,398.091,400.51,405.275,420.464,439.375,442.079,424.03,423.35,433.85,429.233
383.779,392.373,398.091,400.51,405.275,420.464,439.375,442.079,424.03,423.35,433.85,429.233,421.873
392.373,398.091,400.51,405.275,420.464,439.375,442.079,424.03,423.35,433.85,429.233,421.873,430.657
398.091,400.51,405.275,420.464,439.375,442.079,424.03,423.35,433.85,429.233,421.873,430.657,424.479
400.51,405.275,420.464,439.375,442.079,424.03,423.35,433.85,429.233,421.873,430.657,424.479,437.93
405.275,420.464,439.375,442.079,424.03,423.35,433.85,429.233,421.873,430.657,424.479,437.93,456.048
420.464,439.375,442.079,424.03,423.35,433.85,429.233,421.873,430.657,424.479,437.93,456.048,469.898
439.375,442.079,424.03,423.35,433.85,429.233,421.873,430.657,424.479,437.93,456.048,469.898,476.666
442.079,424.03,423.35,433.85,429.233,421.873,430.657,424.479,437.93,456.048,469.898,476.666,510.097
424.03,423.35,433.85,429.233,421.873,430.657,424.479,437.93,456.048,469.898,476.666,510.097,549.864
423.35,433.85,429.233,421.873,430.657,424.479,437.93,456.048,469.898,476.666,510.097,549.864,554.995
433.85,429.233,421.873,430.657,424.479,437.93,456.048,469.898,476.666,510.097,549.864,554.995,557.093
429.233,421.873,430.657,424.479,437.93,456.048,469.898,476.666,510.097,549.864,554.995,557.093,610.653
421.873,430.657,424.479,437.93,456.048,469.898,476.666,510.097,549.864,554.995,557.093,610.653,675.393
430.657,424.479,437.93,456.048,469.898,476.666,510.097,549.864,554.995,557.093,610.653,675.393,596.145
424.479,437.93,456.048,469.898,476.666,510.097,549.864,554.995,557.093,610.653,675.393,596.145,633.71
437.93,456.048,469.898,476.666,510.097,549.864,554.995,557.093,610.653,675.393,596.145,633.71,632.593
456.048,469.898,476.666,510.097,549.864,554.995,557.093,610.653,675.393,596.145,633.71,632.593,598.186
469.898,476.666,510.097,549.864,554.995,557.093,610.653,675.393,596.145,633.71,632.593,598.186,585.78
476.666,510.097,549.864,554.995,557.093,610.653,675.393,596.145,633.71,632.593,598.186,585.78,627.827
510.097,549.864,554.995,557.093,610.653,675.393,596.145,633.71,632.593,598.186,585.78,627.827,629.791
549.864,554.995,557.093,610.653,675.393,596.145,633.71,632.593,598.186,585.78,627.827,629.791,631.166
554.995,557.093,610.653,675.393,596.145,633.71,632.593,598.186,585.78,627.827,629.791,631.166,664.745
557.093,610.653,675.393,596.145,633.71,632.593,598.186,585.78,627.827,629.791,631.166,664.745,654.895
610.653,675.393,596.145,633.71,632.593,598.186,585.78,627.827,629.791,631.166,664.745,654.895,679.368
675.393,596.145,633.71,632.593,598.186,585.78,627.827,629.791,631.166,664.745,654.895,679.368,667.31
596.145,633.71,632.593,598.186,585.78,627.827,629.791,631.166,664.745,654.895,679.368,667.31,655.66
633.71,632.593,598.186,585.78,627.827,629.791,631.166,664.745,654.895,679.368,667.31,655.66,665.38
632.593,598.186,585.78,627.827,629.791,631.166,664.745,654.895,679.368,667.31,655.66,665.38,665.411
598.186,585.78,627.827,629.791,631.166,664.745,654.895,679.368,667.31,655.66,665.38,665.411,712.653
585.78,627.827,629.791,631.166,664.745,654.895,679.368,667.31,655.66,665.38,665.411,712.653,754.604
627.827,629.791,631.166,664.745,654.895,679.368,667.31,655.66,665.38,665.411,712.653,754.604,806.248
629.791,631.166,664.745,654.895,679.368,667.31,655.66,665.38,665.411,712.653,754.604,806.248,803.203
631.166,664.745,654.895,679.368,667.31,655.66,665.38,665.411,712.653,754.604,806.248,803.203,889.595
664.745,654.895,679.368,667.31,655.66,665.38,665.411,712.653,754.604,806.248,803.203,889.595,922.298
654.895,679.368,667.31,655.66,665.38,665.411,712.653,754.604,806.248,803.203,889.595,922.298,968.434
679.368,667.31,655.66,665.38,665.411,712.653,754.604,806.248,803.203,889.595,922.298,968.434,909.705
667.31,655.66,665.38,665.411,712.653,754.604,806.248,803.203,889.595,922.298,968.434,909.705,888.663
655.66,665.38,665.411,712.653,754.604,806.248,803.203,889.595,922.298,968.434,909.705,888.663,889.488
665.38,665.411,712.653,754.604,806.248,803.203,889.595,922.298,968.434,909.705,888.663,889.488,939.772
665.411,712.653,754.604,806.248,803.203,889.595,922.298,968.434,909.705,888.663,889.488,939.772,839.025
712.653,754.604,806.248,803.203,889.595,922.298,968.434,909.705,888.663,889.488,939.772,839.025,829.932
754.604,806.248,803.203,889.595,922.298,968.434,909.705,888.663,889.488,939.772,839.025,829.932,806.62
806.248,803.203,889.595,922.298,968.434,909.705,888.663,889.488,939.772,839.025,829.932,806.62,760.863
803.203,889.595,922.298,968.434,909.705,888.663,889.488,939.772,839.025,829.932,806.62,760.863,816.092
889.595,922.298,968.434,909.705,888.663,889.488,939.772,839.025,829.932,806.62,760.863,816.092,858.69
922.298,968.434,909.705,888.663,889.488,939.772,839.025,829.932,806.62,760.863,816.092,858.69,943.0
968.434,909.705,888.663,889.488,939.772,839.025,829.932,806.62,760.863,816.092,858.69,943.0,924.273
909.705,888.663,889.488,939.772,839.025,829.932,806.62,760.863,816.092,858.69,943.0,924.273,890.2
888.663,889.488,939.772,839.025,829.932,806.62,760.863,816.092,858.69,943.0,924.273,890.2,928.645
889.488,939.772,839.025,829.932,806.62,760.863,816.092,858.69,943.0,924.273,890.2,928.645,945.67
939.772,839.025,829.932,806.62,760.863,816.092,858.69,943.0,924.273,890.2,928.645,945.67,934.228
839.025,829.932,806.62,760.863,816.092,858.69,943.0,924.273,890.2,928.645,945.67,934.228,949.375
829.932,806.62,760.863,816.092,858.69,943.0,924.273,890.2,928.645,945.67,934.228,949.375,996.591
806.62,760.863,816.092,858.69,943.0,924.273,890.2,928.645,945.67,934.228,949.375,996.591,1043.159
760.863,816.092,858.69,943.0,924.273,890.2,928.645,945.67,934.228,949.375,996.591,1043.159,1127.036
816.092,858.69,943.0,924.273,890.2,928.645,945.67,934.228,949.375,996.591,1043.159,1127.036,1134.724
858.69,943.0,924.273,890.2,928.645,945.67,934.228,949.375,996.591,1043.159,1127.036,1134.724,1117.963
943.0,924.273,890.2,928.645,945.67,934.228,949.375,996.591,1043.159,1127.036,1134.724,1117.963,1095.413
924.273,890.2,928.645,945.67,934.228,949.375,996.591,1043.159,1127.036,1134.724,1117.963,1095.413,1113.337
890.2,928.645,945.67,934.228,949.375,996.591,1043.159,1127.036,1134.724,1117.963,1095.413,1113.337,1148.688
928.645,945.67,934.228,949.375,996.591,1043.159,1127.036,1134.724,1117.963,1095.413,1113.337,1148.688,1205.434
945.67,934.228,949.375,996.591,1043.159,1127.036,1134.724,1117.963,1095.413,1113.337,1148.688,1205.434,1232.92
934.228,949.375,996.591,1043.159,1127.036,1134.724,1117.963,1095.413,1113.337,1148.688,1205.434,1232.92,1192.966
949.375,996.591,1043.159,1127.036,1134.724,1117.963,1095.413,1113.337,1148.688,1205.434,1232.92,1192.966,1215.81
996.591,1043.159,1127.036,1134.724,1117.963,1095.413,1113.337,1148.688,1205.434,1232.92,1192.966,1215.81,1270.977
1043.159,1127.036,1134.724,1117.963,1095.413,1113.337,1148.688,1205.434,1232.92,1192.966,1215.81,1270.977,1342.024
1127.036,1134.724,1117.963,1095.413,1113.337,1148.688,1205.434,1232.92,1192.966,1215.81,1270.977,1342.024,1369.886
1134.724,1117.963,1095.413,1113.337,1148.688,1205.434,1232.92,1192.966,1215.81,1270.977,1342.024,1369.886,1390.553
1117.963,1095.413,1113.337,1148.688,1205.434,1232.92,1192.966,1215.81,1270.977,1342.024,1369.886,1390.553,1360.46
1095.413,1113.337,1148.688,1205.434,1232.92,1192.966,1215.81,1270.977,1342.024,1369.886,1390.553,1360.46,1374.68
1113.337,1148.688,1205.434,1232.92,1192.966,1215.81,1270.977,1342.024,1369.886,1390.553,1360.46,1374.68,1423.26
1148.688,1205.434,1232.92,1192.966,1215.81,1270.977,1342.024,1369.886,1390.553,1360.46,1374.68,1423.26,1480.89
1205.434,1232.92,1192.966,1215.81,1270.977,1342.024,1369.886,1390.553,1360.46,1374.68,1423.26,1480.89,1512.58
1232.92,1192.966,1215.81,1270.977,1342.024,1369.886,1390.553,1360.46,1374.68,1423.26,1480.89,1512.58,1529.36
1192.966,1215.81,1270.977,1342.024,1369.886,1390.553,1360.46,1374.68,1423.26,1480.89,1512.58,1529.36,1572.75
1215.81,1270.977,1342.024,1369.886,1390.553,1360.46,1374.68,1423.26,1480.89,1512.58,1529.36,1572.75,1759.01
1270.977,1342.024,1369.886,1390.553,1360.46,1374.68,1423.26,1480.89,1512.58,1529.36,1572.75,1759.01,1772.14
1342.024,1369.886,1390.553,1360.46,1374.68,1423.26,1480.89,1512.58,1529.36,1572.75,1759.01,1772.14,1666.43
1369.886,1390.553,1360.46,1374.68,1423.26,1480.89,1512.58,1529.36,1572.75,1759.01,1772.14,1666.43,1739.0
1390.553,1360.46,1374.68,1423.26,1480.89,1512.58,1529.36,1572.75,1759.01,1772.14,1666.43,1739.0,1639.97
1360.46,1374.68,1423.26,1480.89,1512.58,1529.36,1572.75,1759.01,1772.14,1666.43,1739.0,1639.97,1654.05
1374.68,1423.26,1480.89,1512.58,1529.36,1572.75,1759.01,1772.14,1666.43,1739.0,1639.97,1654.05,1744.82
1423.26,1480.89,1512.58,1529.36,1572.75,1759.01,1772.14,1666.43,1739.0,1639.97,1654.05,1744.82,1675.95
1480.89,1512.58,1529.36,1572.75,1759.01,1772.14,1666.43,1739.0,1639.97,1654.05,1744.82,1675.95,1649.2
1512.58,1529.36,1572.75,1759.01,1772.14,1666.43,1739.0,1639.97,1654.05,1744.82,1675.95,1649.2,1589.04
1529.36,1572.75,1759.01,1772.14,1666.43,1739.0,1639.97,1654.05,1744.82,1675.95,1649.2,1589.04,1598.76
1572.75,1759.01,1772.14,1666.43,1739.0,1639.97,1654.05,1744.82,1675.95,1649.2,1589.04,1598.76,1594.29
1759.01,1772.14,1666.43,1739.0,1639.97,1654.05,1744.82,1675.95,1649.2,1589.04,1598.76,1594.29,1630.31
1772.14,1666.43,1739.0,1639.97,1654.05,1744.82,1675.95,1649.2,1589.04,1598.76,1594.29,1630.31,1744.81
1666.43,1739.0,1639.97,1654.05,1744.82,1675.95,1649.2,1589.04,1598.76,1594.29,1630.31,1744.81,1746.58
1739.0,1639.97,1654.05,1744.82,1675.95,1649.2,1589.04,1598.76,1594.29,1630.31,1744.81,1746.58,1721.64
1639.97,1654.05,1744.82,1675.95,1649.2,1589.04,1598.76,1594.29,1630.31,1744.81,1746.58,1721.64,1684.762
1654.05,1744.82,1675.95,1649.2,1589.04,1598.76,1594.29,1630.31,1744.81,1746.58,1721.64,1684.762,1671.848
1744.82,1675.95,1649.2,1589.04,1598.76,1594.29,1630.31,1744.81,1746.58,1721.64,1684.762,1671.848,1627.57
1675.95,1649.2,1589.04,1598.76,1594.29,1630.31,1744.81,1746.58,1721.64,1684.762,1671.848,1627.57,1593.086
1649.2,1589.04,1598.76,1594.29,1630.31,1744.81,1746.58,1721.64,1684.762,1671.848,1627.57,1593.086,1487.857
1589.04,1598.76,1594.29,1630.31,1744.81,1746.58,1721.64,1684.762,1671.848,1627.57,1593.086,1487.857,1414.027
1598.76,1594.29,1630.31,1744.81,1746.58,1721.64,1684.762,1671.848,1627.57,1593.086,1487.857,1414.027,1343.35
1594.29,1630.31,1744.81,1746.58,1721.64,1684.762,1671.848,1627.57,1593.086,1487.857,1414.027,1343.35,1285.516
1630.31,1744.81,1746.58,1721.64,1684.762,1671.848,1627.57,1593.086,1487.857,1414.027,1343.35,1285.516,1351.742
1744.81,1746.58,1721.64,1684.762,1671.848,1627.57,1593.086,1487.857,1414.027,1343.35,1285.516,1351.742,1348.6
1746.58,1721.64,1684.762,1671.848,1627.57,1593.086,1487.857,1414.027,1343.35,1285.516,1351.742,1348.6,1316.58
1721.64,1684.762,1671.848,1627.57,1593.086,1487.857,1414.027,1343.35,1285.516,1351.742,1348.6,1316.58,1275.86
1684.762,1671.848,1627.57,1593.086,1487.857,1414.027,1343.35,1285.516,1351.742,1348.6,1316.58,1275.86,1221.512
1671.848,1627.57,1593.086,1487.857,1414.027,1343.35,1285.516,1351.742,1348.6,1316.58,1275.86,1221.512,1244.27
1627.57,1593.086,1487.857,1414.027,1343.35,1285.516,1351.742,1348.6,1316.58,1275.86,1221.512,1244.27,1299.58
1593.086,1487.857,1414.027,1343.35,1285.516,1351.742,1348.6,1316.58,1275.86,1221.512,1244.27,1299.58,1336.08
1487.857,1414.027,1343.35,1285.516,1351.742,1348.6,1316.58,1275.86,1221.512,1244.27,1299.58,1336.08,1298.45
1414.027,1343.35,1285.516,1351.742,1348.6,1316.58,1275.86,1221.512,1244.27,1299.58,1336.08,1298.45,1288.74
1343.35,1285.516,1351.742,1348.6,1316.58,1275.86,1221.512,1244.27,1299.58,1336.08,1298.45,1288.74,1279.1
1285.516,1351.742,1348.6,1316.58,1275.86,1221.512,1244.27,1299.58,1336.08,1298.45,1288.74,1279.1,1310.59
1351.742,1348.6,1316.58,1275.86,1221.512,1244.27,1299.58,1336.08,1298.45,1288.74,1279.1,1310.59,1295.13
1348.6,1316.58,1275.86,1221.512,1244.27,1299.58,1336.08,1298.45,1288.74,1279.1,1310.59,1295.13,1236.55
1316.58,1275.86,1221.512,1244.27,1299.58,1336.08,1298.45,1288.74,1279.1,1310.59,1295.13,1236.55,1222.49
1275.86,1221.512,1244.27,1299.58,1336.08,1298.45,1288.74,1279.1,1310.59,1295.13,1236.55,1222.49,1175.33
1221.512,1244.27,1299.58,1336.08,1298.45,1288.74,1279.1,1310.59,1295.13,1236.55,1222.49,1175.33,1200.62
1244.27,1299.58,1336.08,1298.45,1288.74,1279.1,1310.59,1295.13,1236.55,1222.49,1175.33,1200.62,1250.75
1299.58,1336.08,1298.45,1288.74,1279.1,1310.59,1295.13,1236.55,1222.49,1175.33,1200.62,1250.75,1227.08
1336.08,1298.45,1288.74,1279.1,1310.59,1295.13,1236.55,1222.49,1175.33,1200.62,1250.75,1227.08,1178.63
1298.45,1288.74,1279.1,1310.59,1295.13,1236.55,1222.49,1175.33,1200.62,1250.75,1227.08,1178.63,1198.93
1288.74,1279.1,1310.59,1295.13,1236.55,1222.49,1175.33,1200.62,1250.75,1227.08,1178.63,1198.93,1198.63
1279.1,1310.59,1295.13,1236.55,1222.49,1175.33,1200.62,1250.75,1227.08,1178.63,1198.93,1198.63,1181.5
1310.59,1295.13,1236.55,1222.49,1175.33,1200.62,1250.75,1227.08,1178.63,1198.93,1198.63,1181.5,1128.31
1295.13,1236.55,1222.49,1175.33,1200.62,1250.75,1227.08,1178.63,1198.93,1198.63,1181.5,1128.31,1117.93
1236.55,1222.49,1175.33,1200.62,1250.75,1227.08,1178.63,1198.93,1198.63,1181.5,1128.31,1117.93,1124.77
1222.49,1175.33,1200.62,1250.75,1227.08,1178.63,1198.93,1198.63,1181.5,1128.31,1117.93,1124.77,1159.25
1175.33,1200.62,1250.75,1227.08,1178.63,1198.93,1198.63,1181.5,1128.31,1117.93,1124.77,1159.25,1086.44
1200.62,1250.75,1227.08,1178.63,1198.93,1198.63,1181.5,1128.31,1117.93,1124.77,1159.25,1086.44,1075.74
1250.75,1227.08,1178.63,1198.93,1198.63,1181.5,1128.31,1117.93,1124.77,1159.25,1086.44,1075.74,1097.91
1227.08,1178.63,1198.93,1198.63,1181.5,1128.31,1117.93,1124.77,1159.25,1086.44,1075.74,1097.91,1199.5
1178.63,1198.93,1198.63,1181.5,1128.31,1117.93,1124.77,1159.25,1086.44,1075.74,1097.91,1199.5,1245.14
1198.93,1198.63,1181.5,1128.31,1117.93,1124.77,1159.25,1086.44,1075.74,1097.91,1199.5,1245.14,1242.26
1198.63,1181.5,1128.31,1117.93,1124.77,1159.25,1086.44,1075.74,1097.91,1199.5,1245.14,1242.26,1260.95
1181.5,1128.31,1117.93,1124.77,1159.25,1086.44,1075.74,1097.91,1199.5,1245.14,1242.26,1260.95,1276.4
1128.31,1117.93,1124.77,1159.25,1086.44,1075.74,1097.91,1199.5,1245.14,1242.26,1260.95,1276.4,1336.66
1117.93,1124.77,1159.25,1086.44,1075.74,1097.91,1199.5,1245.14,1242.26,1260.95,1276.4,1336.66,1340.17
1124.77,1159.25,1086.44,1075.74,1097.91,1199.5,1245.14,1242.26,1260.95,1276.4,1336.66,1340.17,1326.61
1159.25,1086.44,1075.74,1097.91,1199.5,1245.14,1242.26,1260.95,1276.4,1336.66,1340.17,1326.61,1266.55
1086.44,1075.74,1097.91,1199.5,1245.14,1242.26,1260.95,1276.4,1336.66,1340.17,1326.61,1266.55,1238.35
1075.74,1097.91,1199.5,1245.14,1242.26,1260.95,1276.4,1336.66,1340.17,1326.61,1266.55,1238.35,1157.36
1097.91,1199.5,1245.14,1242.26,1260.95,1276.4,1336.66,1340.17,1326.61,1266.55,1238.35,1157.36,1192.1
1199.5,1245.14,1242.26,1260.95,1276.4,1336.66,1340.17,1326.61,1266.55,1238.35,1157.36,1192.1,1234.2
1245.14,1242.26,1260.95,1276.4,1336.66,1340.17,1326.61,1266.55,1238.35,1157.36,1192.1,1234.2,1231.42
1242.26,1260.95,1276.4,1336.66,1340.17,1326.61,1266.55,1238.35,1157.36,1192.1,1234.2,1231.42,1266.88
1260.95,1276.4,1336.66,1340.17,1326.61,1266.55,1238.35,1157.36,1192.1,1234.2,1231.42,1266.88,1246.04
1276.4,1336.66,1340.17,1326.61,1266.55,1238.35,1157.36,1192.1,1234.2,1231.42,1266.88,1246.04,1260.26
1336.66,1340.17,1326.61,1266.55,1238.35,1157.36,1192.1,1234.2,1231.42,1266.88,1246.04,1260.26,1236.84
1340.17,1326.61,1266.55,1238.35,1157.36,1192.1,1234.2,1231.42,1266.88,1246.04,1260.26,1236.84,1283.04
1326.61,1266.55,1238.35,1157.36,1192.1,1234.2,1231.42,1266.88,1246.04,1260.26,1236.84,1283.04,1314.07
1266.55,1238.35,1157.36,1192.1,1234.2,1231.42,1266.88,1246.04,1260.26,1236.84,1283.04,1314.07,1279.51
1238.35,1157.36,1192.1,1234.2,1231.42,1266.88,1246.04,1260.26,1236.84,1283.04,1314.07,1279.51,1281.9
1157.36,1192.1,1234.2,1231.42,1266.88,1246.04,1260.26,1236.84,1283.04,1314.07,1279.51,1281.9,1264.45
1192.1,1234.2,1231.42,1266.88,1246.04,1260.26,1236.84,1283.04,1314.07,1279.51,1281.9,1264.45,1331.3
1234.2,1231.42,1266.88,1246.04,1260.26,1236.84,1283.04,1314.07,1279.51,1281.9,1264.45,1331.3,1330.73
1231.42,1266.88,1246.04,1260.26,1236.84,1283.04,1314.07,1279.51,1281.9,1264.45,1331.3,1330.73,1324.66
1266.88,1246.04,1260.26,1236.84,1283.04,1314.07,1279.51,1281.9,1264.45,1331.3,1330.73,1324.66,1334.76
1246.04,1260.26,1236.84,1283.04,1314.07,1279.51,1281.9,1264.45,1331.3,1330.73,1324.66,1334.76,1303.45
1260.26,1236.84,1283.04,1314.07,1279.51,1281.9,1264.45,1331.3,1330.73,1324.66,1334.76,1303.45,1281.57
1236.84,1283.04,1314.07,1279.51,1281.9,1264.45,1331.3,1330.73,1324.66,1334.76,1303.45,1281.57,1237.71
1283.04,1314.07,1279.51,1281.9,1264.45,1331.3,1330.73,1324.66,1334.76,1303.45,1281.57,1237.71,1201.71
1314.07,1279.51,1281.9,1264.45,1331.3,1330.73,1324.66,1334.76,1303.45,1281.57,1237.71,1201.71,1198.39
1279.51,1281.9,1264.45,1331.3,1330.73,1324.66,1334.76,1303.45,1281.57,1237.71,1201.71,1198.39,1215.39
1281.9,1264.45,1331.3,1330.73,1324.66,1334.76,1303.45,1281.57,1237.71,1201.71,1198.39,1215.39,1220.65
1264.45,1331.3,1330.73,1324.66,1334.76,1303.45,1281.57,1237.71,1201.71,1198.39,1215.39,1220.65,1250.4
1331.3,1330.73,1324.66,1334.76,1303.45,1281.57,1237.71,1201.71,1198.39,1215.39,1220.65,1250.4,1291.75
1330.73,1324.66,1334.76,1303.45,1281.57,1237.71,1201.71,1198.39,1215.39,1220.65,1250.4,1291.75,1320.07
1324.66,1334.76,1303.45,1281.57,1237.71,1201.71,1198.39,1215.39,1220.65,1250.4,1291.75,1320.07,1300.9
1334.76,1303.45,1281.57,1237.71,1201.71,1198.39,1215.39,1220.65,1250.4,1291.75,1320.07,1300.9,1285.91
1303.45,1281.57,1237.71,1201.71,1198.39,1215.39,1220.65,1250.4,1291.75,1320.07,1300.9,1285.91,1283.7
1281.57,1237.71,1201.71,1198.39,1215.39,1220.65,1250.4,1291.75,1320.07,1300.9,1285.91,1283.7,1359.04
1237.71,1201.71,1198.39,1215.39,1220.65,1250.4,1291.75,1320.07,1300.9,1285.91,1283.7,1359.04,1412.89
1201.71,1198.39,1215.39,1220.65,1250.4,1291.75,1320.07,1300.9,1285.91,1283.7,1359.04,1412.89,1500.41
1198.39,1215.39,1220.65,1250.4,1291.75,1320.07,1300.9,1285.91,1283.7,1359.04,1412.89,1500.41,1510.58
1215.39,1220.65,1250.4,1291.75,1320.07,1300.9,1285.91,1283.7,1359.04,1412.89,1500.41,1510.58,1494.81
1220.65,1250.4,1291.75,1320.07,1300.9,1285.91,1283.7,1359.04,1412.89,1500.41,1510.58,1494.81,1470.79
1250.4,1291.75,1320.07,1300.9,1285.91,1283.7,1359.04,1412.89,1500.41,1510.58,1494.81,1470.79,1479.13
1291.75,1320.07,1300.9,1285.91,1283.7,1359.04,1412.89,1500.41,1510.58,1494.81,1470.79,1479.13,1560.67
1320.07,1300.9,1285.91,1283.7,1359.04,1412.89,1500.41,1510.58,1494.81,1470.79,1479.13,1560.67,1597.1
1300.9,1285.91,1283.7,1359.04,1412.89,1500.41,1510.58,1494.81,1470.79,1479.13,1560.67,1597.1,1591.93
1285.91,1283.7,1359.04,1412.89,1500.41,1510.58,1494.81,1470.79,1479.13,1560.67,1597.1,1591.93,1683.17
1283.7,1359.04,1412.89,1500.41,1510.58,1494.81,1470.79,1479.13,1560.67,1597.1,1591.93,1683.17,1715.91
1359.04,1412.89,1500.41,1510.58,1494.81,1470.79,1479.13,1560.67,1597.1,1591.93,1683.17,1715.91,1732.22
1412.89,1500.41,1510.58,1494.81,1470.79,1479.13,1560.67,1597.1,1591.93,1683.17,1715.91,1732.22,1846.51
