IPアドレス,出現回数
144.31.188.82,6
108.181.69.137,6
179.35.10.212,6
23.137.255.85,6
89.110.95.164,6
62.133.60.208,6
46.29.238.31,6
89.36.231.128,6
212.95.50.77,6
185.132.53.150,6
216.73.159.75,6
45.138.16.42,6
195.176.3.23,6
192.42.116.201,6
179.43.159.199,6
109.70.100.66,6
45.141.215.169,6
37.187.5.192,6
104.244.75.74,6
109.70.100.2,6
179.43.182.232,6
192.42.116.184,6
185.244.192.175,6
109.70.100.1,6
2.58.56.43,6
89.58.41.156,6
128.31.0.13,6
109.70.100.67,6
124.198.132.172,6
194.26.192.77,6
192.42.116.181,6
109.70.100.65,6
185.35.202.222,6
109.70.100.69,6
192.42.116.211,6
45.141.215.63,6
192.42.116.200,6
192.42.116.173,6
45.138.16.240,6
45.80.158.27,6
109.70.100.6,6
185.165.169.239,6
193.105.134.155,6
185.195.71.244,6
192.42.116.179,6
5.255.103.235,6
87.118.122.51,6
45.138.16.222,6
192.42.116.212,6
45.138.16.113,6
192.42.116.177,6
190.120.229.98,6
192.42.116.192,6
78.142.18.219,6
45.141.215.97,6
192.42.116.202,6
185.241.208.115,6
192.42.116.174,6
162.251.5.152,6
91.208.75.4,6
192.42.116.218,6
192.42.116.210,6
45.141.215.114,6
192.42.116.199,6
192.42.116.180,6
194.15.112.133,6
109.70.100.70,6
192.42.116.182,6
195.176.3.24,6
95.143.193.125,6
45.88.186.92,6
171.25.193.79,6
192.42.116.191,6
51.15.59.15,6
179.43.159.200,6
109.70.100.3,6
192.42.116.194,6
80.241.60.207,6
139.99.172.11,6
192.42.116.219,6
45.141.215.95,6
45.138.16.69,6
66.146.193.33,6
109.70.100.71,6
192.42.116.176,6
185.40.4.29,6
109.70.100.5,6
45.134.225.36,6
192.42.116.178,6
45.138.16.76,6
171.25.193.234,6
199.195.253.180,6
188.68.49.235,6
212.73.134.204,6
192.42.116.197,6
192.42.116.186,6
185.183.157.214,6
91.132.144.59,6
192.42.116.203,6
45.141.215.61,6
190.211.254.97,6
45.95.169.110,6
45.141.215.110,6
192.42.116.195,6
163.172.45.102,6
192.42.116.217,6
107.189.30.69,6
179.43.182.58,6
5.255.99.5,6
89.234.157.254,6
179.43.159.197,6
192.42.116.183,6
188.68.41.191,6
192.42.116.214,6
185.246.188.73,6
138.59.18.110,6
2.58.56.35,6
185.40.4.101,6
199.195.251.119,6
192.42.116.198,6
192.42.116.216,6
185.241.208.71,6
95.128.43.164,6
94.230.208.148,6
192.42.116.209,6
179.43.159.196,6
217.12.221.131,6
185.100.87.174,6
83.96.213.63,6
2.58.56.220,6
77.81.247.72,6
94.230.208.147,6
109.70.100.68,6
195.88.74.206,6
185.244.192.184,6
179.43.159.201,6
185.100.87.41,6
185.207.107.216,6
188.68.52.231,6
198.98.48.33,6
179.43.159.194,6
91.208.75.153,6
192.42.116.193,6
5.45.104.176,6
192.42.116.185,6
185.100.87.136,6
209.141.55.26,6
45.132.246.245,6
185.246.188.74,6
91.208.75.178,6
71.19.144.106,6
185.227.134.106,6
102.130.113.9,6
171.25.193.20,6
160.119.249.240,6
80.67.172.162,6
194.15.115.212,6
216.73.159.101,6
5.255.111.64,6
173.255.198.243,6
80.82.78.14,6
5.255.97.221,6
45.138.16.239,6
51.81.222.62,6
81.16.33.42,6
171.25.193.77,6
87.118.122.30,6
185.207.107.130,6
185.129.62.62,6
87.118.116.90,6
179.43.159.198,6
185.56.171.94,6
204.85.191.8,6
93.123.12.112,6
46.232.251.191,6
72.14.179.10,6
89.147.110.154,6
103.109.101.105,6
205.185.117.149,6
185.241.208.82,6
5.255.98.23,6
185.34.33.2,6
103.251.167.10,6
124.198.131.253,6
171.25.193.80,6
54.36.101.21,6
185.82.219.109,6
5.45.98.162,6
107.189.2.108,6
162.216.18.62,6
91.206.26.26,6
185.154.110.142,6
179.43.159.195,6
205.185.116.34,6
91.208.75.156,6
204.85.191.7,6
176.118.193.33,6
209.141.46.203,6
193.105.134.150,6
91.208.75.239,6
192.42.116.215,6
45.145.93.133,6
185.241.208.206,6
185.241.208.202,6
5.255.100.26,6
104.244.78.162,6
205.185.121.170,6
205.185.123.93,6
185.170.114.25,6
185.225.69.203,6
185.241.208.54,6
198.58.107.53,6
83.97.20.77,6
5.2.67.226,6
109.169.33.163,6
185.154.110.17,6
185.130.47.58,6
5.255.98.151,6
125.212.241.131,6
93.95.228.125,6
89.147.110.118,6
81.17.28.95,6
179.43.159.78,6
5.255.117.56,6
205.185.124.176,6
185.129.62.63,6
198.96.155.3,6
45.66.35.20,6
45.66.35.21,6
178.218.144.51,6
67.219.109.141,6
84.16.224.227,6
185.183.159.40,6
51.222.142.67,6
185.220.101.33,6
185.220.101.32,6
185.220.101.46,6
185.220.101.55,6
185.220.101.63,6
185.220.101.34,6
185.220.101.49,6
185.220.101.44,6
185.220.101.35,6
204.137.14.92,6
204.137.14.105,6
204.137.14.104,6
204.137.14.106,6
185.246.189.99,6
91.92.109.43,6
104.192.3.74,6
185.220.101.40,6
185.220.101.56,6
185.220.101.41,6
185.220.101.39,6
185.220.101.47,6
185.220.101.42,6
185.220.101.37,6
185.220.101.57,6
185.220.101.61,6
185.220.101.53,6
185.220.101.50,6
185.220.101.38,6
185.220.101.52,6
185.220.101.36,6
185.220.101.51,6
185.220.101.43,6
45.12.3.80,6
185.246.188.149,6
171.25.193.78,6
130.193.15.186,6
209.141.32.198,6
107.189.13.254,6
91.219.236.101,6
92.243.24.163,6
185.246.128.161,6
185.220.101.59,6
185.220.101.58,6
185.220.101.54,6
185.220.101.45,6
185.220.101.62,6
185.220.101.60,6
185.220.101.48,6
176.97.114.202,6
89.147.108.90,6
195.80.151.242,6
45.141.215.40,6
85.93.218.204,6
46.165.243.36,6
104.219.236.100,6
178.218.144.18,6
5.255.98.198,6
5.255.104.202,6
102.130.117.167,6
107.189.13.180,6
185.191.204.254,6
66.220.242.222,6
185.246.84.179,6
123.253.35.32,6
185.106.102.102,6
94.142.244.16,6
94.142.241.194,6
172.234.228.174,6
5.2.72.110,6
91.92.109.126,6
45.11.59.28,6
185.42.170.203,6
185.112.146.167,6
204.8.156.142,6
199.195.253.124,6
45.66.35.22,6
98.128.173.33,6
91.202.5.104,6
212.21.66.6,6
62.182.84.146,6
114.35.245.150,6
23.137.253.27,6
5.104.86.6,6
209.141.32.181,6
23.155.8.104,6
91.203.145.116,6
185.225.69.232,6
51.38.225.46,6
27.255.75.198,6
185.241.208.81,6
185.40.4.38,6
165.73.242.163,6
45.94.31.68,6
31.133.0.210,6
212.69.167.80,6
93.99.104.194,6
87.118.110.27,6
2.56.10.36,6
185.40.4.92,6
45.128.133.242,6
5.255.123.158,6
178.175.148.246,6
171.25.193.235,6
24.240.72.170,6
130.193.10.21,6
103.164.54.199,6
45.141.215.19,6
45.141.215.17,6
185.40.4.149,6
185.40.4.132,6
107.189.29.184,6
107.189.30.49,6
84.239.46.144,6
212.38.189.186,6
31.129.22.65,6
172.81.132.94,6
172.81.131.156,6
45.84.107.182,6
45.84.107.198,6
45.84.107.76,6
185.40.4.150,6
45.83.104.137,6
202.182.99.129,6
209.141.51.180,6
93.95.231.88,6
91.208.75.3,6
149.202.79.129,6
178.17.170.144,6
94.72.103.33,6
200.122.181.2,6
192.76.153.253,6
104.244.78.232,6
88.80.26.4,6
88.80.26.2,6
195.47.238.178,6
195.47.238.82,6
185.100.85.132,6
66.78.40.182,6
146.59.126.232,6
185.40.4.44,6
185.40.4.100,6
178.218.144.99,6
87.118.116.12,6
193.239.232.102,6
108.61.189.136,6
124.198.131.108,6
5.255.125.196,6
31.133.0.235,6
91.203.144.194,6
80.94.92.92,6
185.165.171.84,6
176.58.121.177,6
173.237.206.68,6
193.36.132.21,6
188.239.191.25,6
5.255.118.218,6
89.147.111.87,6
35.0.127.52,6
82.221.131.5,6
82.221.128.191,6
185.40.4.22,6
190.103.179.98,6
195.47.238.92,6
195.47.238.90,6
72.235.129.116,6
93.99.104.40,6
107.174.146.25,6
185.40.4.127,6
185.40.4.20,6
80.94.92.106,6
136.244.111.163,6
193.26.115.43,6
172.104.182.84,6
139.99.8.57,6
23.184.48.78,6
95.211.244.28,6
198.98.57.74,6
121.78.28.166,6
23.236.122.193,6
93.99.104.18,6
45.84.107.101,6
23.137.253.254,6
178.218.144.96,6
45.138.16.231,6
146.59.231.4,6
209.141.45.81,6
23.137.253.109,6
88.80.26.3,6
185.235.146.29,6
45.138.16.248,6
45.66.35.35,6
82.221.139.190,6
198.98.57.151,6
193.237.221.228,6
176.65.149.88,6
205.185.116.215,6
176.65.149.87,6
104.254.90.195,6
185.247.184.105,6
45.84.107.33,6
45.84.107.47,6
45.84.107.172,6
45.84.107.74,6
45.84.107.55,6
45.84.107.222,6
152.53.53.243,6
198.98.62.158,6
93.95.231.14,6
45.84.107.17,6
185.40.4.121,6
185.150.28.13,6
109.104.153.22,6
209.141.58.254,6
209.141.34.15,6
205.185.121.177,6
209.141.40.68,6
195.47.238.91,6
195.47.238.176,6
176.65.149.96,6
176.65.148.3,6
37.77.56.238,6
83.217.9.73,6
209.141.45.141,6
205.185.113.8,6
23.151.8.8,6
103.146.203.11,6
107.189.3.11,6
172.104.186.73,6
172.233.82.41,6
185.254.196.141,6
93.95.227.37,6
37.221.208.71,6
176.65.149.100,6
204.8.96.120,6
37.228.129.189,6
46.234.47.105,6
103.28.52.93,6
31.44.238.25,6
45.84.107.128,6
45.84.107.97,6
103.193.179.233,6
89.147.110.82,6
84.19.182.20,6
152.32.206.127,6
93.123.109.116,6
45.95.169.104,6
45.84.107.54,6
161.129.68.162,6
172.105.20.12,6
45.95.169.109,6
172.232.209.254,6
84.211.224.201,6
31.184.236.104,6
198.46.166.157,6
178.17.170.23,6
166.70.207.2,6
185.220.101.96,6
178.20.55.16,6
178.20.55.182,6
57.128.220.107,6
125.253.56.119,6
54.36.108.162,6
92.246.84.133,6
194.87.55.98,6
193.189.100.198,6
193.189.100.199,6
193.189.100.196,6
193.189.100.197,6
193.189.100.194,6
193.189.100.200,6
193.189.100.195,6
178.17.171.102,6
2.58.56.93,6
185.241.208.185,6
185.220.101.98,6
185.220.101.107,6
185.220.101.109,6
185.220.101.99,6
185.220.101.101,6
185.220.101.106,6
185.220.101.110,6
185.220.101.105,6
185.220.101.97,6
185.220.101.100,6
185.220.101.108,6
185.220.101.102,6
185.220.101.104,6
185.220.101.103,6
45.133.74.53,6
5.2.79.190,6
37.228.129.63,6
45.80.158.167,6
45.138.16.230,6
198.50.212.160,6
103.20.241.102,6
199.195.248.168,6
178.218.144.64,6
194.15.113.118,6
107.189.12.7,6
45.84.107.174,6
176.65.148.133,6
205.185.113.180,6
209.141.51.30,6
45.138.16.164,6
38.135.24.30,6
38.135.24.31,6
38.135.24.32,6
5.104.84.183,6
204.194.29.4,6
45.148.10.111,6
154.53.58.161,6
149.102.153.38,6
198.98.61.60,6
62.171.137.169,6
45.91.250.107,6
171.25.193.131,6
37.228.129.5,6
185.67.82.114,6
46.250.243.29,6
62.72.47.105,6
5.255.101.10,6
57.129.91.235,6
77.48.28.237,6
77.48.28.204,6
94.72.104.135,6
179.43.128.16,6
66.94.111.228,6
74.82.47.194,6
45.141.215.200,6
124.198.131.223,6
45.9.156.101,6
144.126.133.74,6
45.9.168.192,6
107.189.8.70,6
38.135.24.72,6
185.113.128.30,6
109.71.252.88,6
109.71.252.97,6
37.114.50.18,6
37.114.50.142,6
109.71.252.182,6
37.114.50.124,6
37.114.63.5,6
87.120.254.132,6
206.166.251.193,6
203.55.81.2,6
203.55.81.1,6
193.26.115.140,6
124.198.132.237,6
72.5.43.62,6
131.72.79.38,6
185.247.226.95,6
23.129.64.146,6
23.129.64.131,6
23.129.64.148,6
23.129.64.144,6
23.129.64.135,6
23.129.64.132,6
94.74.164.89,6
45.137.70.158,6
185.227.68.78,6
51.91.18.151,6
185.104.120.40,6
185.104.120.30,6
5.253.247.27,6
45.13.225.78,6
37.114.50.27,6
45.13.225.69,6
23.129.64.152,6
23.129.64.145,6
23.129.64.136,6
23.129.64.142,6
23.129.64.149,6
23.129.64.133,6
23.129.64.137,6
23.129.64.138,6
23.129.64.139,6
23.129.64.153,6
23.129.64.147,6
23.129.64.134,6
23.129.64.140,6
23.129.64.151,6
23.129.64.143,6
23.129.64.150,6
23.137.248.100,6
152.53.106.19,6
162.220.14.54,6
185.246.188.115,6
5.255.110.120,6
195.47.238.177,6
109.69.67.17,6
80.94.92.99,6
80.94.92.135,6
45.79.144.222,6
23.137.254.244,6
82.118.248.205,6
72.211.49.235,6
180.150.226.99,6
43.160.194.14,6
23.129.64.141,6
185.220.101.189,6
185.220.101.174,6
185.220.101.135,6
45.88.186.89,6
185.193.52.180,6
5.255.118.151,6
192.159.99.74,6
86.54.28.49,6
192.159.99.168,6
38.135.24.33,6
95.163.176.177,6
195.47.238.93,6
124.198.131.62,6
45.9.148.50,6
162.220.14.78,6
185.100.87.166,6
185.220.101.149,6
185.220.101.138,6
185.220.101.176,6
185.220.101.131,6
185.220.101.185,6
185.220.101.173,6
185.220.101.156,6
185.220.101.133,6
185.220.101.172,6
185.220.101.164,6
185.220.101.167,6
185.220.101.179,6
185.220.101.151,6
185.220.101.190,6
185.220.101.130,6
185.220.101.129,6
185.220.101.191,6
185.220.101.157,6
185.220.101.169,6
185.220.101.152,6
185.220.101.162,6
185.220.101.170,6
185.220.101.182,6
185.220.101.180,6
185.220.101.166,6
185.220.101.183,6
185.220.101.137,6
185.220.101.175,6
185.220.101.153,6
185.220.101.145,6
185.220.101.160,6
185.220.101.144,6
45.143.200.32,6
124.198.132.13,6
185.220.101.188,6
185.220.101.146,6
185.220.101.140,6
185.220.101.147,6
185.220.101.163,6
185.220.101.154,6
185.220.101.139,6
185.220.101.132,6
185.220.101.186,6
185.220.101.155,6
185.220.101.165,6
185.220.101.136,6
185.220.101.187,6
185.220.101.143,6
23.129.64.163,6
57.128.212.103,6
85.93.31.31,6
198.98.57.218,6
176.58.89.182,6
171.25.193.35,6
171.25.193.36,6
171.25.193.37,6
171.25.193.38,6
185.233.100.23,6
193.26.115.82,6
149.202.79.101,6
220.135.36.173,6
194.15.36.117,6
118.163.74.160,6
5.255.101.131,6
107.189.8.181,6
195.160.220.104,6
209.141.41.25,6
91.149.243.111,6
23.129.64.161,6
23.129.64.160,6
23.129.64.158,6
23.129.64.130,6
23.129.64.157,6
23.129.64.162,6
23.129.64.156,6
23.129.64.155,6
23.129.64.159,6
23.129.64.154,6
23.129.64.165,6
23.129.64.164,6
64.190.113.221,6
38.135.25.142,6
38.135.25.141,6
38.135.25.144,6
38.135.25.143,6
107.189.30.86,6
31.220.75.237,6
107.189.7.168,6
171.25.193.39,6
171.25.193.40,6
80.253.251.56,6
74.208.79.7,6
107.189.3.148,6
107.189.3.94,6
107.189.31.187,6
107.189.8.16,6
107.189.11.111,6
107.189.7.144,6
104.244.74.97,6
107.189.1.160,6
107.189.1.9,6
104.244.79.44,6
107.189.8.226,6
107.189.4.209,6
104.244.73.43,6
107.189.30.236,6
107.189.14.4,6
107.189.8.133,6
104.244.79.50,6
178.17.174.164,6
107.189.5.249,6
45.141.215.56,6
185.225.69.187,6
107.189.31.33,6
107.189.5.7,6
104.244.72.132,6
104.244.77.208,6
107.189.12.3,6
104.244.73.190,6
107.189.8.56,6
107.189.13.253,6
104.244.78.233,6
104.244.79.61,6
107.189.4.12,6
104.244.73.136,6
107.189.10.175,6
107.189.5.121,6
104.244.73.193,6
102.211.56.200,6
37.48.70.156,6
154.26.159.157,6
107.189.5.188,6
160.187.148.71,6
45.154.98.33,6
107.189.6.124,6
62.133.45.2,6
77.48.28.193,6
162.19.7.11,6
107.189.7.141,6
103.253.24.18,6
109.237.27.11,6
216.9.224.232,6
88.80.20.86,6
104.167.241.4,6
185.220.101.12,6
185.100.87.250,6
185.100.85.24,6
185.100.87.192,6
146.103.43.17,6
177.93.140.66,6
94.156.152.234,6
88.151.192.2,6
87.120.222.33,6
93.123.109.44,6
45.84.107.200,6
195.246.231.197,6
141.98.11.62,6
107.189.1.175,6
152.53.184.161,6
196.196.200.100,6
185.220.101.5,6
185.220.101.17,6
185.220.101.2,6
185.220.101.20,6
185.220.101.3,6
185.220.101.10,6
185.220.101.19,6
185.220.101.8,6
185.220.101.13,6
185.220.101.15,6
185.220.101.9,6
185.220.101.16,6
185.220.101.1,6
185.220.101.7,6
185.220.101.11,6
185.220.101.6,6
185.220.101.29,6
185.220.101.24,6
185.220.101.0,6
185.220.101.30,6
185.220.101.25,6
193.189.100.205,6
193.189.100.201,6
193.189.100.206,6
193.189.100.204,6
193.189.100.203,6
193.189.100.202,6
104.244.72.115,6
185.220.101.18,6
185.220.101.14,6
185.220.101.21,6
185.220.101.4,6
45.138.16.107,6
82.153.138.7,6
185.104.120.10,6
45.137.99.16,6
45.38.20.123,6
188.68.36.28,6
185.252.232.218,6
94.16.121.91,6
104.36.80.7,6
204.85.191.9,6
185.220.101.28,6
185.220.101.22,6
185.220.101.23,6
185.220.101.27,6
185.220.101.31,6
185.220.101.26,6
23.129.64.185,6
23.129.64.167,6
23.129.64.168,6
23.129.64.175,6
23.129.64.189,6
23.129.64.172,6
23.129.64.187,6
23.129.64.192,6
23.129.64.184,6
23.129.64.191,6
23.129.64.166,6
23.129.64.176,6
23.129.64.186,6
23.129.64.171,6
23.129.64.174,6
185.129.61.129,6
23.129.64.222,6
23.129.64.217,6
199.195.253.156,6
45.61.185.172,6
23.129.64.188,6
23.129.64.183,6
23.129.64.182,6
23.129.64.193,6
23.129.64.169,6
23.129.64.181,6
23.129.64.179,6
23.129.64.177,6
23.129.64.170,6
23.129.64.190,6
23.129.64.178,6
23.129.64.180,6
23.129.64.213,6
23.129.64.211,6
23.129.64.204,6
23.129.64.224,6
23.129.64.203,6
23.129.64.223,6
23.129.64.216,6
23.129.64.209,6
23.129.64.206,6
23.129.64.212,6
23.129.64.214,6
23.129.64.225,6
23.129.64.219,6
23.129.64.218,6
23.129.64.198,6
23.129.64.201,6
185.177.238.9,6
23.129.64.197,6
23.129.64.220,6
23.129.64.210,6
23.129.64.208,6
23.129.64.205,6
23.129.64.199,6
23.129.64.173,6
23.129.64.195,6
23.129.64.200,6
23.129.64.196,6
23.129.64.207,6
23.129.64.202,6
23.129.64.221,6
23.129.64.215,6
23.129.64.194,6
23.191.200.30,6
23.191.200.3,6
23.191.200.28,6
23.191.200.2,6
45.137.99.182,6
209.141.50.249,6
45.58.190.74,6
93.94.51.243,6
45.141.215.111,6
45.141.215.90,6
45.141.215.88,6
176.65.134.4,6
107.175.93.157,6
45.80.158.93,6
45.141.215.238,6
51.161.198.74,6
37.46.196.22,6
37.228.129.168,6
143.20.64.235,6
23.191.200.27,6
5.255.127.222,6
96.8.119.172,6
213.111.150.96,6
79.100.12.71,6
23.191.200.31,6
23.191.200.5,6
23.191.200.6,6
23.191.200.4,6
23.191.200.29,6
23.191.200.14,6
23.191.200.13,6
23.191.200.25,6
23.191.200.20,6
23.191.200.22,6
23.191.200.17,6
172.105.174.195,6
23.191.200.7,6
5.255.99.147,6
194.26.192.177,6
193.26.115.123,6
82.221.131.71,6
185.120.16.176,6
185.40.4.143,6
185.156.72.7,6
45.80.158.75,6
91.227.114.153,6
172.81.131.139,6
185.177.238.26,6
23.191.200.16,6
23.191.200.19,6
23.191.200.8,6
23.191.200.15,6
23.191.200.26,6
23.191.200.21,6
23.191.200.24,6
23.191.200.12,6
23.191.200.11,6
23.191.200.10,6
23.191.200.9,6
23.191.200.18,6
23.191.200.23,6
216.239.90.19,6
204.76.203.203,6
208.87.242.7,6
217.182.75.199,6
185.120.16.171,6
45.61.188.15,6
82.153.138.125,6
31.40.204.206,6
5.255.115.58,6
5.255.123.164,6
171.25.193.132,6
93.99.104.128,6
124.198.131.29,6
178.17.58.159,6
171.25.193.81,6
171.25.193.82,6
78.159.131.103,6
124.198.132.52,6
107.172.61.206,6
107.173.187.181,6
192.210.136.31,6
93.94.52.229,6
109.228.160.190,6
152.53.210.165,6
82.153.138.241,6
104.167.242.118,6
104.167.242.117,6
45.9.156.161,6
87.121.79.9,6
23.190.216.8,6
194.163.157.49,6
44.30.4.69,6
23.129.64.99,6
173.224.219.236,6
192.108.48.150,6
64.190.76.3,6
64.190.76.2,6
64.190.76.4,6
108.59.12.41,6
173.224.219.44,6
65.87.7.198,6
176.121.81.51,6
89.185.82.63,6
51.68.226.107,6
89.147.110.211,6
107.189.31.52,6
45.83.31.79,6
185.231.33.38,6
185.129.61.6,6
185.129.61.8,6
185.129.61.9,6
185.129.61.2,6
185.129.61.5,6
194.55.167.14,6
107.189.8.65,6
5.79.66.19,6
31.40.204.186,6
172.104.243.155,6
64.190.76.10,6
179.43.134.19,6
190.120.229.2,6
66.78.40.225,6
185.236.20.142,6
93.113.25.239,6
82.117.255.113,6
194.53.137.102,6
195.47.238.44,6
82.221.131.86,6
195.246.231.141,6
46.29.238.25,6
185.14.31.113,6
38.135.25.2,6
86.54.24.21,6
130.193.15.79,6
185.100.85.25,6
185.129.61.7,6
185.129.61.4,6
185.129.61.10,6
185.129.61.3,6
185.129.61.1,6
45.141.215.28,6
185.138.88.25,6
193.237.155.109,6
45.138.16.82,6
185.126.114.110,6
102.130.127.117,6
107.189.14.43,6
144.172.73.31,6
199.26.150.137,6
45.9.156.22,6
45.80.158.53,6
148.113.152.91,6
196.251.69.116,6
66.78.40.210,6
176.65.140.210,6
104.244.74.51,6
5.255.99.124,6
5.255.114.171,6
5.255.100.224,6
18.119.162.10,6
77.48.28.239,6
108.181.69.243,6
195.47.238.83,6
195.47.238.87,6
195.47.238.88,6
124.198.131.114,6
195.47.238.86,6
195.47.238.84,6
190.211.254.185,6
151.243.109.167,6
193.239.232.235,6
94.16.115.121,6
192.42.116.208,6
87.118.116.103,6
149.56.44.47,6
192.42.116.175,6
193.26.115.61,6
45.141.215.80,6
192.42.116.213,6
94.102.51.15,6
45.141.215.62,6
192.42.116.196,6
5.45.102.93,6
109.70.100.4,6
89.58.26.216,6
198.98.51.189,6
80.67.167.81,6
171.25.193.25,6
13.231.183.75,5
185.247.184.33,5
151.243.213.150,5
164.132.172.209,5
5.196.95.34,5
37.228.129.128,5
185.129.62.64,5
185.112.144.11,5
23.137.253.113,5
209.200.246.244,5
157.66.25.92,5
64.190.113.106,5
82.197.182.161,5
5.181.177.130,5
5.181.177.245,5
95.211.174.137,4
185.241.208.204,4
194.26.192.22,4
37.221.93.88,4
45.9.156.105,4
45.136.71.127,4
198.167.206.232,3
198.167.206.154,3
37.114.50.115,3
185.132.53.107,3
94.156.152.8,3
45.133.73.63,3
185.163.204.231,3
185.163.204.41,3
185.40.4.64,3
83.147.17.190,3
91.219.236.210,3
198.167.206.208,3
91.219.239.65,3
91.219.239.2,3
198.167.206.223,3
198.167.206.146,2
5.34.182.203,2
172.81.132.149,2
177.149.156.209,2
91.239.208.63,2
88.80.135.28,2
104.167.242.116,2
5.255.123.250,2
46.253.4.208,2
188.165.200.97,2
135.125.239.70,2
194.53.137.156,2
172.93.213.161,2
173.224.219.172,2
155.94.139.69,2
45.38.20.153,2
81.181.104.22,2
198.167.206.185,2
37.228.129.162,2
93.95.228.105,2
78.153.150.25,2
173.0.3.111,2
198.167.206.237,2
66.78.40.146,2
164.132.58.8,2
135.125.239.51,2
38.60.249.223,2
45.38.20.181,2
45.134.48.153,2
172.236.179.103,1
198.167.206.235,1
95.168.173.143,1
94.75.225.81,1
46.38.243.210,1
38.97.116.242,1
38.97.116.244,1
38.97.116.243,1
38.97.116.245,1
86.107.101.234,1
198.167.206.197,1
92.242.166.161,1
