ip,count,country,city,lat,lon
144.31.188.82,7,United States,,37.751,-97.822
108.181.69.137,7,Canada,,43.6319,-79.3716
179.35.10.212,7,Brazil,Goiânia,-16.6391,-49.2622
89.110.95.164,7,Russia,,55.7386,37.6068
62.133.60.208,7,Russia,,55.7386,37.6068
46.29.238.31,7,Russia,,55.7386,37.6068
89.36.231.128,7,United States,,37.751,-97.822
212.95.50.77,7,Germany,,51.2993,9.491
185.132.53.150,7,Finland,,60.1717,24.9349
216.73.159.75,7,Chile,Valdivia,-39.8,-73.2333
45.138.16.42,7,Netherlands,,52.3824,4.8995
195.176.3.23,7,Switzerland,Le Grand-Saconnex,46.2334,6.1164
192.42.116.201,7,Netherlands,,52.3824,4.8995
179.43.159.199,7,Switzerland,Zurich,47.3682,8.5671
109.70.100.66,7,Austria,Vienna,48.1936,16.3726
45.141.215.169,7,Italy,Milan,45.4722,9.1922
37.187.5.192,7,France,,48.8582,2.3387
104.244.75.74,7,Luxembourg,Luxembourg,49.6113,6.1294
109.70.100.2,7,Austria,Vienna,48.1936,16.3726
179.43.182.232,7,Switzerland,Zurich,47.3682,8.5671
192.42.116.184,7,Netherlands,,52.3824,4.8995
185.244.192.175,7,Germany,,51.2993,9.491
109.70.100.1,7,Austria,Vienna,48.1936,16.3726
2.58.56.43,7,France,Vélizy-Villacoublay,48.7855,2.1971
89.58.41.156,7,Germany,,51.2993,9.491
128.31.0.13,7,United States,,37.751,-97.822
109.70.100.67,7,Austria,Vienna,48.1936,16.3726
124.198.132.172,7,New Zealand,,-42.0,174.0
194.26.192.77,7,Germany,,51.2993,9.491
192.42.116.181,7,Netherlands,,52.3824,4.8995
109.70.100.65,7,Austria,Vienna,48.1936,16.3726
185.35.202.222,7,Norway,Oslo,59.955,10.859
109.70.100.69,7,Austria,Vienna,48.1936,16.3726
192.42.116.211,7,Netherlands,,52.3824,4.8995
45.141.215.63,7,Italy,Milan,45.4722,9.1922
192.42.116.200,7,Netherlands,,52.3824,4.8995
192.42.116.173,7,Netherlands,,52.3824,4.8995
45.138.16.240,7,Netherlands,,52.3824,4.8995
45.80.158.27,7,Netherlands,,52.3824,4.8995
109.70.100.6,7,Austria,Vienna,48.1936,16.3726
185.165.169.239,7,Seychelles,,-4.5833,55.6667
193.105.134.155,7,Isle of Man,,54.23,-4.57
185.195.71.244,7,Switzerland,,47.1449,8.1551
192.42.116.179,7,Netherlands,,52.3824,4.8995
5.255.103.235,7,Netherlands,,52.3824,4.8995
87.118.122.51,7,Germany,,51.2993,9.491
45.138.16.222,7,Netherlands,,52.3824,4.8995
192.42.116.212,7,Netherlands,,52.3824,4.8995
45.138.16.113,7,Netherlands,,52.3824,4.8995
192.42.116.177,7,Netherlands,,52.3824,4.8995
190.120.229.98,7,Peru,Lima,-12.0464,-77.0428
192.42.116.192,7,Netherlands,,52.3824,4.8995
78.142.18.219,7,Bulgaria,,42.696,23.332
45.141.215.97,7,Italy,Milan,45.4722,9.1922
192.42.116.202,7,Netherlands,,52.3824,4.8995
185.241.208.115,7,Netherlands,,52.3824,4.8995
192.42.116.174,7,Netherlands,,52.3824,4.8995
162.251.5.152,7,United States,,37.751,-97.822
91.208.75.4,7,Romania,,45.9968,24.997
192.42.116.218,7,Netherlands,,52.3824,4.8995
192.42.116.210,7,Netherlands,,52.3824,4.8995
45.141.215.114,7,Italy,Milan,45.4722,9.1922
192.42.116.199,7,Netherlands,,52.3824,4.8995
192.42.116.180,7,Netherlands,,52.3824,4.8995
194.15.112.133,7,United Kingdom,,51.4964,-0.1224
109.70.100.70,7,Austria,Vienna,48.1936,16.3726
192.42.116.182,7,Netherlands,,52.3824,4.8995
195.176.3.24,7,Switzerland,Le Grand-Saconnex,46.2334,6.1164
95.143.193.125,7,Sweden,Malmo,55.6078,12.9982
45.88.186.92,7,United States,Dulles,39.0019,-77.4556
171.25.193.79,7,Sweden,,59.3247,18.056
192.42.116.191,7,Netherlands,,52.3824,4.8995
51.15.59.15,7,Netherlands,Haarlem,52.3803,4.6422
179.43.159.200,7,Switzerland,Zurich,47.3682,8.5671
109.70.100.3,7,Austria,Vienna,48.1936,16.3726
192.42.116.194,7,Netherlands,,52.3824,4.8995
80.241.60.207,7,Germany,Berlin,52.5321,13.4012
139.99.172.11,7,Australia,Sydney,-33.8601,151.2101
192.42.116.219,7,Netherlands,,52.3824,4.8995
45.141.215.95,7,Italy,Milan,45.4722,9.1922
45.138.16.69,7,Netherlands,,52.3824,4.8995
66.146.193.33,7,United States,Chicago,41.923,-87.7531
109.70.100.71,7,Austria,Vienna,48.1936,16.3726
192.42.116.176,7,Netherlands,,52.3824,4.8995
185.40.4.29,7,Russia,,55.9155,37.8263
109.70.100.5,7,Austria,Vienna,48.1936,16.3726
45.134.225.36,7,Germany,,51.2993,9.491
192.42.116.178,7,Netherlands,,52.3824,4.8995
45.138.16.76,7,Netherlands,,52.3824,4.8995
171.25.193.234,7,Sweden,,59.3247,18.056
199.195.253.180,7,United States,Staten Island,40.6063,-74.1774
188.68.49.235,7,Germany,Hitzacker,53.1564,11.0018
212.73.134.204,7,Bulgaria,,42.696,23.332
192.42.116.197,7,Netherlands,,52.3824,4.8995
192.42.116.186,7,Netherlands,,52.3824,4.8995
185.183.157.214,7,Germany,Würzburg,49.7894,9.9262
91.132.144.59,7,Germany,,51.2993,9.491
192.42.116.203,7,Netherlands,,52.3824,4.8995
45.141.215.61,7,Italy,Milan,45.4722,9.1922
190.211.254.97,7,United Kingdom,London,51.5164,-0.093
45.95.169.110,7,Croatia,Sisak,45.4675,16.3868
45.141.215.110,7,Italy,Milan,45.4722,9.1922
192.42.116.195,7,Netherlands,,52.3824,4.8995
163.172.45.102,7,France,Metz,49.1228,6.1742
192.42.116.217,7,Netherlands,,52.3824,4.8995
107.189.30.69,7,Luxembourg,Luxembourg,49.6113,6.1294
179.43.182.58,7,Switzerland,Zurich,47.3682,8.5671
5.255.99.5,7,Netherlands,,52.3824,4.8995
89.234.157.254,7,France,Aureville,43.4851,1.4505
179.43.159.197,7,Switzerland,Zurich,47.3682,8.5671
192.42.116.183,7,Netherlands,,52.3824,4.8995
188.68.41.191,7,Germany,Hitzacker,53.1564,11.0018
192.42.116.214,7,Netherlands,,52.3824,4.8995
185.246.188.73,7,Seychelles,,-4.5833,55.6667
138.59.18.110,7,Costa Rica,,10.0029,-84.0
2.58.56.35,7,France,Vélizy-Villacoublay,48.7855,2.1971
185.40.4.101,7,Russia,,55.9155,37.8263
199.195.251.119,7,United States,Staten Island,40.6063,-74.1774
192.42.116.198,7,Netherlands,,52.3824,4.8995
192.42.116.216,7,Netherlands,,52.3824,4.8995
185.241.208.71,7,Netherlands,,52.3824,4.8995
95.128.43.164,7,France,Gennevilliers,48.9319,2.3033
94.230.208.148,7,Switzerland,Zurich,47.3857,8.5348
192.42.116.209,7,Netherlands,,52.3824,4.8995
179.43.159.196,7,Switzerland,Zurich,47.3682,8.5671
217.12.221.131,7,Ukraine,Kharkiv,49.982,36.2566
185.100.87.174,7,Romania,Bucharest,44.4117,26.0422
83.96.213.63,7,Netherlands,Weesp,52.3085,5.036
2.58.56.220,7,France,Vélizy-Villacoublay,48.7855,2.1971
77.81.247.72,7,Netherlands,Amsterdam,52.3891,4.6563
94.230.208.147,7,Switzerland,Zurich,47.3857,8.5348
109.70.100.68,7,Austria,Vienna,48.1936,16.3726
195.88.74.206,7,Bulgaria,,42.696,23.332
185.244.192.184,7,Germany,,51.2993,9.491
179.43.159.201,7,Switzerland,Zurich,47.3682,8.5671
185.100.87.41,7,Romania,Bucharest,44.4117,26.0422
185.207.107.216,7,Germany,,51.2993,9.491
188.68.52.231,7,Germany,Hitzacker,53.1564,11.0018
198.98.48.33,7,United States,Staten Island,40.6063,-74.1774
179.43.159.194,7,Switzerland,Zurich,47.3682,8.5671
91.208.75.153,7,Romania,,45.9968,24.997
192.42.116.193,7,Netherlands,,52.3824,4.8995
5.45.104.176,7,Germany,,51.2993,9.491
192.42.116.185,7,Netherlands,,52.3824,4.8995
185.100.87.136,7,Romania,Bucharest,44.4117,26.0422
209.141.55.26,7,United States,Las Vegas,36.102,-115.1447
45.132.246.245,7,Germany,,51.2993,9.491
185.246.188.74,7,Seychelles,,-4.5833,55.6667
91.208.75.178,7,Romania,,45.9968,24.997
71.19.144.106,7,United States,Santa Clara,37.353,-121.9543
185.227.134.106,7,United States,Seattle,47.4902,-122.3004
102.130.113.9,7,South Africa,,-26.3811,27.8376
171.25.193.20,7,Sweden,,59.3247,18.056
160.119.249.240,7,South Africa,,-29.0,24.0
80.67.172.162,7,France,,48.8582,2.3387
194.15.115.212,7,United Kingdom,,51.4964,-0.1224
216.73.159.101,7,Chile,Valdivia,-39.8,-73.2333
5.255.111.64,7,Netherlands,,52.3824,4.8995
173.255.198.243,7,United States,Richardson,32.9473,-96.7028
80.82.78.14,7,Netherlands,Amsterdam,52.3759,4.8975
5.255.97.221,7,Netherlands,,52.3824,4.8995
45.138.16.239,7,Netherlands,,52.3824,4.8995
51.81.222.62,7,United States,Hillsboro,45.5229,-122.9898
81.16.33.42,7,Austria,,48.2048,16.3801
171.25.193.77,7,Sweden,,59.3247,18.056
87.118.122.30,7,Germany,,51.2993,9.491
185.207.107.130,7,Germany,,51.2993,9.491
185.129.62.62,7,Denmark,,55.7123,12.0564
87.118.116.90,7,Germany,,51.2993,9.491
179.43.159.198,7,Switzerland,Zurich,47.3682,8.5671
185.56.171.94,7,Italy,,43.1479,12.1097
204.85.191.8,7,United States,Chapel Hill,35.9153,-79.0386
93.123.12.112,7,Bulgaria,,42.696,23.332
46.232.251.191,7,Germany,,51.2993,9.491
72.14.179.10,7,United States,Richardson,32.9473,-96.7028
89.147.110.154,7,Hungary,,47.4919,19.05
103.109.101.105,7,Hong Kong,,22.2578,114.1657
205.185.117.149,7,United States,Las Vegas,36.102,-115.1447
185.241.208.82,7,Netherlands,,52.3824,4.8995
5.255.98.23,7,Netherlands,,52.3824,4.8995
185.34.33.2,7,France,,48.8582,2.3387
103.251.167.10,7,Netherlands,Dronten,52.5378,5.6966
124.198.131.253,7,New Zealand,,-42.0,174.0
171.25.193.80,7,Sweden,,59.3247,18.056
54.36.101.21,7,France,,48.8582,2.3387
185.82.219.109,7,Bulgaria,Sofia,42.6951,23.325
5.45.98.162,7,Germany,,51.2993,9.491
107.189.2.108,7,Luxembourg,Luxembourg,49.6113,6.1294
162.216.18.62,7,United States,Cedar Knolls,40.8229,-74.4592
91.206.26.26,7,Poland,,52.2394,21.0362
185.154.110.142,7,Sweden,Vallingby,59.3691,17.8808
179.43.159.195,7,Switzerland,Zurich,47.3682,8.5671
205.185.116.34,7,United States,Las Vegas,36.102,-115.1447
91.208.75.156,7,Romania,,45.9968,24.997
204.85.191.7,7,United States,Chapel Hill,35.9153,-79.0386
176.118.193.33,7,Austria,,48.2048,16.3801
209.141.46.203,7,United States,Las Vegas,36.102,-115.1447
193.105.134.150,7,Isle of Man,,54.23,-4.57
91.208.75.239,7,Romania,,45.9968,24.997
192.42.116.215,7,Netherlands,,52.3824,4.8995
45.145.93.133,7,Denmark,,55.7123,12.0564
185.241.208.206,7,Netherlands,,52.3824,4.8995
185.241.208.202,7,Netherlands,,52.3824,4.8995
5.255.100.26,7,Netherlands,,52.3824,4.8995
104.244.78.162,7,Luxembourg,Luxembourg,49.6113,6.1294
205.185.121.170,7,United States,Las Vegas,36.102,-115.1447
205.185.123.93,7,United States,Las Vegas,36.102,-115.1447
185.170.114.25,7,Germany,,51.2993,9.491
185.225.69.203,7,Hungary,,47.4919,19.05
185.241.208.54,7,Netherlands,,52.3824,4.8995
198.58.107.53,7,United States,Richardson,32.9473,-96.7028
83.97.20.77,7,Romania,Bucharest,44.4152,26.166
5.2.67.226,7,Netherlands,,52.3824,4.8995
109.169.33.163,7,United Kingdom,,51.4964,-0.1224
185.154.110.17,7,Sweden,Vallingby,59.3691,17.8808
185.130.47.58,7,Netherlands,Amsterdam,52.352,4.9392
5.255.98.151,7,Netherlands,,52.3824,4.8995
125.212.241.131,7,Vietnam,Ho Chi Minh City,10.822,106.6257
93.95.228.125,7,Iceland,Reykjavik,64.1439,-21.98
89.147.110.118,7,Hungary,,47.4919,19.05
81.17.28.95,7,Switzerland,Zurich,47.3857,8.5348
179.43.159.78,7,Switzerland,Zurich,47.3682,8.5671
5.255.117.56,7,Netherlands,,52.3824,4.8995
205.185.124.176,7,United States,Las Vegas,36.102,-115.1447
185.129.62.63,7,Denmark,,55.7123,12.0564
198.96.155.3,7,Canada,,43.6319,-79.3716
45.66.35.20,7,Netherlands,Amsterdam,52.3591,4.793
45.66.35.21,7,Netherlands,Amsterdam,52.3591,4.793
178.218.144.51,7,Italy,Milan,45.4722,9.1922
67.219.109.141,7,United States,,37.751,-97.822
84.16.224.227,7,Germany,,51.2993,9.491
185.183.159.40,7,Germany,Würzburg,49.7894,9.9262
51.222.142.67,7,Canada,,45.4995,-73.5848
185.220.101.33,7,Germany,,51.2993,9.491
185.220.101.32,7,Germany,,51.2993,9.491
185.220.101.46,7,Germany,,51.2993,9.491
185.220.101.55,7,Germany,,51.2993,9.491
185.220.101.63,7,Germany,,51.2993,9.491
185.220.101.34,7,Germany,,51.2993,9.491
185.220.101.49,7,Germany,,51.2993,9.491
185.220.101.44,7,Germany,,51.2993,9.491
185.220.101.35,7,Germany,,51.2993,9.491
204.137.14.92,7,United States,,37.751,-97.822
204.137.14.105,7,United States,,37.751,-97.822
204.137.14.104,7,United States,,37.751,-97.822
204.137.14.106,7,United States,,37.751,-97.822
185.246.189.99,7,Seychelles,,-4.5833,55.6667
91.92.109.43,7,Bulgaria,,42.696,23.332
104.192.3.74,7,United States,,37.751,-97.822
185.220.101.40,7,Germany,,51.2993,9.491
185.220.101.56,7,Germany,,51.2993,9.491
185.220.101.41,7,Germany,,51.2993,9.491
185.220.101.39,7,Germany,,51.2993,9.491
185.220.101.47,7,Germany,,51.2993,9.491
185.220.101.42,7,Germany,,51.2993,9.491
185.220.101.37,7,Germany,,51.2993,9.491
185.220.101.57,7,Germany,,51.2993,9.491
185.220.101.61,7,Germany,,51.2993,9.491
185.220.101.53,7,Germany,,51.2993,9.491
185.220.101.50,7,Germany,,51.2993,9.491
185.220.101.38,7,Germany,,51.2993,9.491
185.220.101.52,7,Germany,,51.2993,9.491
185.220.101.36,7,Germany,,51.2993,9.491
185.220.101.51,7,Germany,,51.2993,9.491
185.220.101.43,7,Germany,,51.2993,9.491
45.12.3.80,7,Ukraine,,50.4522,30.5287
185.246.188.149,7,Seychelles,,-4.5833,55.6667
171.25.193.78,7,Sweden,,59.3247,18.056
130.193.15.186,7,Czechia,Prague,50.0804,14.5045
209.141.32.198,7,United States,Las Vegas,36.102,-115.1447
107.189.13.254,7,Luxembourg,Luxembourg,49.6113,6.1294
91.219.236.101,7,Hungary,,47.4919,19.05
92.243.24.163,7,France,,48.8582,2.3387
185.246.128.161,7,Sweden,Stockholm,59.3274,18.0653
185.220.101.59,7,Germany,,51.2993,9.491
185.220.101.58,7,Germany,,51.2993,9.491
185.220.101.54,7,Germany,,51.2993,9.491
185.220.101.45,7,Germany,,51.2993,9.491
185.220.101.62,7,Germany,,51.2993,9.491
185.220.101.60,7,Germany,,51.2993,9.491
185.220.101.48,7,Germany,,51.2993,9.491
176.97.114.202,7,Ukraine,,50.4522,30.5287
89.147.108.90,7,Hungary,,47.4919,19.05
195.80.151.242,7,Bulgaria,Sofia,42.6951,23.325
45.141.215.40,7,Italy,Milan,45.4722,9.1922
85.93.218.204,7,Luxembourg,,49.4998,5.9802
46.165.243.36,7,Germany,,51.2993,9.491
104.219.236.100,7,United States,,37.751,-97.822
178.218.144.18,7,Italy,Milan,45.4722,9.1922
5.255.98.198,7,Netherlands,,52.3824,4.8995
5.255.104.202,7,Netherlands,,52.3824,4.8995
102.130.117.167,7,South Africa,,-26.3811,27.8376
107.189.13.180,7,Luxembourg,Luxembourg,49.6113,6.1294
185.191.204.254,7,Israel,,31.5,34.75
66.220.242.222,7,United States,Rutland,43.6171,-72.9636
185.246.84.179,7,France,,48.8582,2.3387
123.253.35.32,7,Malaysia,,2.5,112.5
185.106.102.102,7,Cyprus,,35.0,33.0
94.142.244.16,7,Netherlands,,52.3824,4.8995
94.142.241.194,7,Netherlands,,52.3824,4.8995
172.234.228.174,7,United States,,37.751,-97.822
5.2.72.110,7,Netherlands,,52.3824,4.8995
91.92.109.126,7,Bulgaria,,42.696,23.332
45.11.59.28,7,United States,Amherst,42.3887,-72.5144
185.42.170.203,7,Estonia,,59.0,26.0
185.112.146.167,7,Iceland,,65.0,-18.0
204.8.156.142,7,United States,Dorchester,42.2904,-71.0712
199.195.253.124,7,United States,Staten Island,40.6063,-74.1774
45.66.35.22,7,Netherlands,Amsterdam,52.3591,4.793
98.128.173.33,7,Sweden,Gothenburg,57.7065,11.967
91.202.5.104,7,Poland,,52.2394,21.0362
212.21.66.6,7,Germany,Magdeburg,52.1143,11.5903
62.182.84.146,7,Ukraine,Kyiv,50.458,30.5303
114.35.245.150,7,Taiwan,Taipei,25.0504,121.5324
5.104.86.6,7,Finland,,60.1717,24.9349
209.141.32.181,7,United States,Las Vegas,36.102,-115.1447
91.203.145.116,7,Ukraine,,50.4522,30.5287
185.225.69.232,7,Hungary,,47.4919,19.05
51.38.225.46,7,France,,48.8582,2.3387
27.255.75.198,7,South Korea,,37.5112,126.9741
185.241.208.81,7,Netherlands,,52.3824,4.8995
185.40.4.38,7,Russia,,55.9155,37.8263
165.73.242.163,7,South Africa,,-29.0,24.0
45.94.31.68,7,United States,Dulles,39.0019,-77.4556
31.133.0.210,7,Poland,,52.2394,21.0362
212.69.167.80,7,France,,48.8582,2.3387
93.99.104.194,7,Czechia,Kunovice,49.0506,17.465
87.118.110.27,7,Germany,,51.2993,9.491
2.56.10.36,7,Seychelles,,-4.5833,55.6667
185.40.4.92,7,Russia,,55.9155,37.8263
45.128.133.242,7,Belgium,,50.8509,4.3447
5.255.123.158,7,Netherlands,,52.3824,4.8995
178.175.148.246,7,Moldova,Soroca,48.1569,28.301
171.25.193.235,7,Sweden,,59.3247,18.056
24.240.72.170,7,United States,Saint Michael,45.21,-93.6607
130.193.10.21,7,Czechia,Prague,50.0804,14.5045
103.164.54.199,7,Singapore,,1.3673,103.8014
45.141.215.19,7,Italy,Milan,45.4722,9.1922
45.141.215.17,7,Italy,Milan,45.4722,9.1922
185.40.4.149,7,Russia,,55.9155,37.8263
185.40.4.132,7,Russia,,55.9155,37.8263
107.189.29.184,7,Luxembourg,Luxembourg,49.6113,6.1294
107.189.30.49,7,Luxembourg,Luxembourg,49.6113,6.1294
84.239.46.144,7,Romania,,45.9968,24.997
212.38.189.186,7,United Kingdom,Motherwell,55.806,-3.9417
31.129.22.65,7,Russia,Blagoveshchensk,50.2705,127.5352
172.81.132.94,7,United States,,37.751,-97.822
172.81.131.156,7,United States,,37.751,-97.822
45.84.107.182,7,Germany,,51.2993,9.491
45.84.107.198,7,Germany,,51.2993,9.491
45.84.107.76,7,Germany,,51.2993,9.491
185.40.4.150,7,Russia,,55.9155,37.8263
45.83.104.137,7,Germany,Buch am Erlbach,48.4469,12.0394
202.182.99.129,7,Japan,Heiwajima,35.5819,139.7663
209.141.51.180,7,United States,Las Vegas,36.102,-115.1447
93.95.231.88,7,Iceland,,65.0,-18.0
91.208.75.3,7,Romania,,45.9968,24.997
149.202.79.129,7,France,,48.8582,2.3387
178.17.170.144,7,Moldova,Chisinau,47.0042,28.8574
94.72.103.33,7,Poland,Swidnik,51.222,22.7024
200.122.181.2,7,Costa Rica,,10.0029,-84.0
192.76.153.253,7,Netherlands,,52.3824,4.8995
104.244.78.232,7,Luxembourg,Luxembourg,49.6113,6.1294
88.80.26.4,7,Sweden,,59.3247,18.056
88.80.26.2,7,Sweden,,59.3247,18.056
195.47.238.178,7,Sweden,Gothenburg,57.7065,11.967
195.47.238.82,7,Sweden,Gothenburg,57.7065,11.967
185.100.85.132,7,Romania,Bucharest,44.4152,26.166
66.78.40.182,7,United States,Wilmington,39.7356,-75.5516
146.59.126.232,7,France,,48.8582,2.3387
185.40.4.44,7,Russia,,55.9155,37.8263
185.40.4.100,7,Russia,,55.9155,37.8263
178.218.144.99,7,Italy,Milan,45.4722,9.1922
87.118.116.12,7,Germany,,51.2993,9.491
193.239.232.102,7,Sweden,,59.3247,18.056
108.61.189.136,7,Netherlands,Amsterdam,52.3891,4.6563
124.198.131.108,7,New Zealand,,-42.0,174.0
5.255.125.196,7,Netherlands,,52.3824,4.8995
31.133.0.235,7,Poland,,52.2394,21.0362
91.203.144.194,7,Ukraine,,50.4522,30.5287
80.94.92.92,7,Romania,,45.9968,24.997
185.165.171.84,7,Seychelles,,-4.5833,55.6667
176.58.121.177,7,United Kingdom,London,51.5164,-0.093
173.237.206.68,7,United States,Sudbury,42.3822,-71.4275
193.36.132.21,7,Singapore,Somapah Changi,1.2848,103.7857
188.239.191.25,7,Netherlands,Dronten,52.5378,5.6966
5.255.118.218,7,Netherlands,,52.3824,4.8995
89.147.111.87,7,Hungary,,47.4919,19.05
35.0.127.52,7,United States,Ann Arbor,42.3068,-83.7059
82.221.131.5,7,Iceland,,65.0,-18.0
82.221.128.191,7,Iceland,,65.0,-18.0
185.40.4.22,7,Russia,,55.9155,37.8263
190.103.179.98,7,Mexico,Fuentes del Valle,31.7198,-106.4195
195.47.238.92,7,Sweden,Gothenburg,57.7065,11.967
195.47.238.90,7,Sweden,Gothenburg,57.7065,11.967
72.235.129.116,7,United States,Honolulu,21.289,-157.8028
93.99.104.40,7,Czechia,Kunovice,49.0506,17.465
107.174.146.25,7,United States,,37.751,-97.822
185.40.4.127,7,Russia,,55.9155,37.8263
185.40.4.20,7,Russia,,55.9155,37.8263
80.94.92.106,7,Romania,,45.9968,24.997
136.244.111.163,7,Netherlands,Amsterdam,52.3891,4.6563
193.26.115.43,7,Germany,Frankfurt am Main,50.1084,8.6841
172.104.182.84,7,Singapore,Singapore,1.3036,103.8554
139.99.8.57,7,Singapore,Singapore,1.2746,103.8378
23.184.48.78,7,Netherlands,Naaldwijk,51.9981,4.198
95.211.244.28,7,Netherlands,,52.3824,4.8995
198.98.57.74,7,United States,Staten Island,40.6063,-74.1774
121.78.28.166,7,South Korea,,37.5112,126.9741
23.236.122.193,7,United States,,37.751,-97.822
93.99.104.18,7,Czechia,Kunovice,49.0506,17.465
45.84.107.101,7,Germany,,51.2993,9.491
178.218.144.96,7,Italy,Milan,45.4722,9.1922
45.138.16.231,7,Netherlands,,52.3824,4.8995
146.59.231.4,7,France,,48.8582,2.3387
209.141.45.81,7,United States,Las Vegas,36.102,-115.1447
88.80.26.3,7,Sweden,,59.3247,18.056
185.235.146.29,7,France,,48.8582,2.3387
45.138.16.248,7,Netherlands,,52.3824,4.8995
45.66.35.35,7,Netherlands,Amsterdam,52.3591,4.793
82.221.139.190,7,Iceland,,65.0,-18.0
198.98.57.151,7,United States,Staten Island,40.6063,-74.1774
193.237.221.228,7,United Kingdom,,51.4964,-0.1224
176.65.149.88,7,Germany,,51.2993,9.491
205.185.116.215,7,United States,Las Vegas,36.102,-115.1447
176.65.149.87,7,Germany,,51.2993,9.491
104.254.90.195,7,Canada,Mississauga,43.6028,-79.653
185.247.184.105,7,Russia,,55.7386,37.6068
45.84.107.33,7,Germany,,51.2993,9.491
45.84.107.47,7,Germany,,51.2993,9.491
45.84.107.172,7,Germany,,51.2993,9.491
45.84.107.74,7,Germany,,51.2993,9.491
45.84.107.55,7,Germany,,51.2993,9.491
45.84.107.222,7,Germany,,51.2993,9.491
152.53.53.243,7,United States,,37.751,-97.822
198.98.62.158,7,United States,Staten Island,40.6063,-74.1774
93.95.231.14,7,Iceland,,65.0,-18.0
45.84.107.17,7,Germany,,51.2993,9.491
185.40.4.121,7,Russia,,55.9155,37.8263
185.150.28.13,7,Switzerland,,47.1449,8.1551
109.104.153.22,7,Albania,,41.0,20.0
209.141.58.254,7,United States,Las Vegas,36.102,-115.1447
209.141.34.15,7,United States,Las Vegas,36.102,-115.1447
205.185.121.177,7,United States,Las Vegas,36.102,-115.1447
209.141.40.68,7,United States,Las Vegas,36.102,-115.1447
195.47.238.91,7,Sweden,Gothenburg,57.7065,11.967
195.47.238.176,7,Sweden,Gothenburg,57.7065,11.967
176.65.149.96,7,Germany,,51.2993,9.491
176.65.148.3,7,Germany,,51.2993,9.491
37.77.56.238,7,Netherlands,,52.3824,4.8995
83.217.9.73,7,Russia,Moscow,55.7482,37.6177
209.141.45.141,7,United States,Las Vegas,36.102,-115.1447
205.185.113.8,7,United States,Las Vegas,36.102,-115.1447
103.146.203.11,7,Indonesia,Sukabumi,-6.9214,106.9259
107.189.3.11,7,Luxembourg,Luxembourg,49.6113,6.1294
172.104.186.73,7,Singapore,Singapore,1.3036,103.8554
172.233.82.41,7,United States,,37.751,-97.822
185.254.196.141,7,United States,New York,40.7503,-74.0014
93.95.227.37,7,Iceland,,65.0,-18.0
37.221.208.71,7,Hungary,,47.4919,19.05
176.65.149.100,7,Germany,,51.2993,9.491
204.8.96.120,7,United States,,37.751,-97.822
37.228.129.189,7,Finland,,60.1717,24.9349
46.234.47.105,7,Switzerland,Zug,47.1685,8.5035
103.28.52.93,7,Indonesia,,-6.1728,106.8272
31.44.238.25,7,Sweden,Vaxjo,56.8746,14.8124
45.84.107.128,7,Germany,,51.2993,9.491
45.84.107.97,7,Germany,,51.2993,9.491
89.147.110.82,7,Hungary,,47.4919,19.05
84.19.182.20,7,Germany,,51.2993,9.491
152.32.206.127,7,United States,Reston,38.9609,-77.3429
93.123.109.116,7,Bulgaria,,42.696,23.332
45.95.169.104,7,Croatia,Sisak,45.4675,16.3868
45.84.107.54,7,Germany,,51.2993,9.491
161.129.68.162,7,United States,Dallas,32.8137,-96.8704
172.105.20.12,7,Canada,Toronto,43.6547,-79.3623
45.95.169.109,7,Croatia,Sisak,45.4675,16.3868
172.232.209.254,7,United States,,37.751,-97.822
84.211.224.201,7,Norway,Oslo,59.955,10.859
31.184.236.104,7,Russia,,55.7386,37.6068
198.46.166.157,7,United States,,37.751,-97.822
178.17.170.23,7,Moldova,Chisinau,47.0042,28.8574
166.70.207.2,7,United States,Orem,40.3119,-111.6959
185.220.101.96,7,Germany,,51.2993,9.491
178.20.55.16,7,France,Bourg-Saint-Maurice,45.6162,6.7779
178.20.55.182,7,France,Bourg-Saint-Maurice,45.6162,6.7779
57.128.220.107,7,France,,48.8582,2.3387
125.253.56.119,7,Australia,Brisbane,-27.4719,153.0196
54.36.108.162,7,France,,48.8582,2.3387
92.246.84.133,7,Germany,,51.2993,9.491
194.87.55.98,7,Czechia,,50.0853,14.411
193.189.100.198,7,United Kingdom,,51.4964,-0.1224
193.189.100.199,7,United Kingdom,,51.4964,-0.1224
193.189.100.196,7,United Kingdom,,51.4964,-0.1224
193.189.100.197,7,United Kingdom,,51.4964,-0.1224
193.189.100.194,7,United Kingdom,,51.4964,-0.1224
193.189.100.200,7,United Kingdom,,51.4964,-0.1224
193.189.100.195,7,United Kingdom,,51.4964,-0.1224
178.17.171.102,7,Moldova,Chisinau,47.0042,28.8574
2.58.56.93,7,France,Vélizy-Villacoublay,48.7855,2.1971
185.241.208.185,7,Netherlands,,52.3824,4.8995
185.220.101.98,7,Germany,,51.2993,9.491
185.220.101.107,7,Germany,,51.2993,9.491
185.220.101.109,7,Germany,,51.2993,9.491
185.220.101.99,7,Germany,,51.2993,9.491
185.220.101.101,7,Germany,,51.2993,9.491
185.220.101.106,7,Germany,,51.2993,9.491
185.220.101.110,7,Germany,,51.2993,9.491
185.220.101.105,7,Germany,,51.2993,9.491
185.220.101.97,7,Germany,,51.2993,9.491
185.220.101.100,7,Germany,,51.2993,9.491
185.220.101.108,7,Germany,,51.2993,9.491
185.220.101.102,7,Germany,,51.2993,9.491
185.220.101.104,7,Germany,,51.2993,9.491
185.220.101.103,7,Germany,,51.2993,9.491
45.133.74.53,7,United States,Chicago,41.9032,-87.6383
5.2.79.190,7,Netherlands,,52.3824,4.8995
37.228.129.63,7,Finland,,60.1717,24.9349
45.80.158.167,7,Netherlands,,52.3824,4.8995
45.138.16.230,7,Netherlands,,52.3824,4.8995
198.50.212.160,7,Canada,,43.6319,-79.3716
199.195.248.168,7,United States,Staten Island,40.6063,-74.1774
178.218.144.64,7,Italy,Milan,45.4722,9.1922
194.15.113.118,7,United Kingdom,,51.4964,-0.1224
107.189.12.7,7,Luxembourg,Luxembourg,49.6113,6.1294
45.84.107.174,7,Germany,,51.2993,9.491
176.65.148.133,7,Germany,,51.2993,9.491
205.185.113.180,7,United States,Las Vegas,36.102,-115.1447
209.141.51.30,7,United States,Las Vegas,36.102,-115.1447
45.138.16.164,7,Netherlands,,52.3824,4.8995
38.135.24.30,7,United States,Southington,41.6047,-72.8813
38.135.24.31,7,United States,Southington,41.6047,-72.8813
38.135.24.32,7,United States,Southington,41.6047,-72.8813
5.104.84.183,7,Finland,,60.1717,24.9349
204.194.29.4,7,United States,,37.751,-97.822
45.148.10.111,7,Netherlands,Amsterdam,52.3759,4.8975
154.53.58.161,7,United States,Seattle,47.6034,-122.3414
149.102.153.38,7,United States,,37.751,-97.822
198.98.61.60,7,United States,Staten Island,40.6063,-74.1774
62.171.137.169,7,Germany,Nuremberg,49.405,11.1617
45.91.250.107,7,United States,Ashburn,39.018,-77.539
171.25.193.131,7,Sweden,,59.3247,18.056
37.228.129.5,7,Finland,,60.1717,24.9349
185.67.82.114,7,Finland,Helsinki,60.1719,24.9347
46.250.243.29,7,United Kingdom,,51.4964,-0.1224
62.72.47.105,7,United States,,37.751,-97.822
5.255.101.10,7,Netherlands,,52.3824,4.8995
57.129.91.235,7,France,,48.8582,2.3387
77.48.28.237,7,Czechia,Krnov,50.099,17.7226
77.48.28.204,7,Czechia,Krnov,50.099,17.7226
94.72.104.135,7,Poland,Swidnik,51.222,22.7024
179.43.128.16,7,Switzerland,Zurich,47.3682,8.5671
66.94.111.228,7,United States,,37.751,-97.822
74.82.47.194,7,United States,Nephi,39.6906,-111.8404
45.141.215.200,7,Italy,Milan,45.4722,9.1922
124.198.131.223,7,New Zealand,,-42.0,174.0
45.9.156.101,7,United States,Ashburn,39.0469,-77.4903
144.126.133.74,7,United States,St Louis,38.6287,-90.1988
45.9.168.192,7,Hungary,,47.4919,19.05
107.189.8.70,7,Luxembourg,Luxembourg,49.6113,6.1294
38.135.24.72,7,United States,Southington,41.6047,-72.8813
185.113.128.30,7,United Kingdom,London,51.5164,-0.093
109.71.252.88,7,Germany,,51.2993,9.491
109.71.252.97,7,Germany,,51.2993,9.491
37.114.50.18,7,Germany,,51.2993,9.491
37.114.50.142,7,Germany,,51.2993,9.491
109.71.252.182,7,Germany,,51.2993,9.491
37.114.50.124,7,Germany,,51.2993,9.491
37.114.63.5,7,Germany,,51.2993,9.491
87.120.254.132,7,Bulgaria,,42.696,23.332
206.166.251.193,7,Netherlands,Amsterdam,52.3759,4.8975
203.55.81.2,7,Australia,,-33.494,143.2104
203.55.81.1,7,Australia,,-33.494,143.2104
193.26.115.140,7,Germany,Frankfurt am Main,50.1084,8.6841
124.198.132.237,7,New Zealand,,-42.0,174.0
72.5.43.62,7,United States,,37.751,-97.822
131.72.79.38,7,Trinidad and Tobago,Princes Town,10.2732,-61.3847
185.247.226.95,7,Seychelles,,-4.5833,55.6667
23.129.64.146,7,United States,,37.751,-97.822
23.129.64.131,7,United States,,37.751,-97.822
23.129.64.148,7,United States,,37.751,-97.822
23.129.64.144,7,United States,,37.751,-97.822
23.129.64.135,7,United States,,37.751,-97.822
23.129.64.132,7,United States,,37.751,-97.822
94.74.164.89,7,Iran,,35.698,51.4115
45.137.70.158,7,Germany,,51.2993,9.491
185.227.68.78,7,Finland,Helsinki,60.1816,24.8368
51.91.18.151,7,France,Paris,48.8323,2.4075
185.104.120.40,7,United Kingdom,Reading,51.4032,-0.9207
185.104.120.30,7,United Kingdom,Reading,51.4032,-0.9207
5.253.247.27,7,United Kingdom,London,51.5064,-0.02
45.13.225.78,7,Germany,,51.2993,9.491
37.114.50.27,7,Germany,,51.2993,9.491
45.13.225.69,7,Germany,,51.2993,9.491
23.129.64.152,7,United States,,37.751,-97.822
23.129.64.145,7,United States,,37.751,-97.822
23.129.64.136,7,United States,,37.751,-97.822
23.129.64.142,7,United States,,37.751,-97.822
23.129.64.149,7,United States,,37.751,-97.822
23.129.64.133,7,United States,,37.751,-97.822
23.129.64.137,7,United States,,37.751,-97.822
23.129.64.138,7,United States,,37.751,-97.822
23.129.64.139,7,United States,,37.751,-97.822
23.129.64.153,7,United States,,37.751,-97.822
23.129.64.147,7,United States,,37.751,-97.822
23.129.64.134,7,United States,,37.751,-97.822
23.129.64.140,7,United States,,37.751,-97.822
23.129.64.151,7,United States,,37.751,-97.822
23.129.64.143,7,United States,,37.751,-97.822
23.129.64.150,7,United States,,37.751,-97.822
152.53.106.19,7,United States,,37.751,-97.822
162.220.14.54,7,United States,Los Angeles,34.0485,-118.2529
185.246.188.115,7,Seychelles,,-4.5833,55.6667
5.255.110.120,7,Netherlands,,52.3824,4.8995
195.47.238.177,7,Sweden,Gothenburg,57.7065,11.967
109.69.67.17,7,Germany,,51.2993,9.491
80.94.92.99,7,Romania,,45.9968,24.997
80.94.92.135,7,Romania,,45.9968,24.997
45.79.144.222,7,United States,Cedar Knolls,40.8229,-74.4592
82.118.248.205,7,Bulgaria,Sofia,42.6951,23.325
72.211.49.235,7,United States,San Diego,32.7994,-117.1686
180.150.226.99,7,South Korea,,37.5112,126.9741
43.160.194.14,7,China,,34.7732,113.722
23.129.64.141,7,United States,,37.751,-97.822
5.255.99.124,7,Netherlands,,52.3824,4.8995
5.255.114.171,7,Netherlands,,52.3824,4.8995
5.255.100.224,7,Netherlands,,52.3824,4.8995
18.119.162.10,7,United States,Columbus,39.9625,-83.0061
77.48.28.239,7,Czechia,Krnov,50.099,17.7226
108.181.69.243,7,Canada,,43.6319,-79.3716
195.47.238.83,7,Sweden,Gothenburg,57.7065,11.967
195.47.238.87,7,Sweden,Gothenburg,57.7065,11.967
195.47.238.88,7,Sweden,Gothenburg,57.7065,11.967
124.198.131.114,7,New Zealand,,-42.0,174.0
195.47.238.86,7,Sweden,Gothenburg,57.7065,11.967
195.47.238.84,7,Sweden,Gothenburg,57.7065,11.967
190.211.254.185,7,United Kingdom,London,51.5164,-0.093
151.243.109.167,7,Iran,,35.698,51.4115
193.239.232.235,7,Sweden,,59.3247,18.056
94.16.115.121,7,Austria,,48.2048,16.3801
185.220.101.189,7,Germany,,51.2993,9.491
185.220.101.174,7,Germany,,51.2993,9.491
185.220.101.135,7,Germany,,51.2993,9.491
45.88.186.89,7,United States,Dulles,39.0019,-77.4556
185.193.52.180,7,Romania,,45.9968,24.997
5.255.118.151,7,Netherlands,,52.3824,4.8995
192.159.99.74,7,United Kingdom,London,51.5164,-0.093
86.54.28.49,7,United Kingdom,,51.4964,-0.1224
192.159.99.168,7,United Kingdom,London,51.5164,-0.093
38.135.24.33,7,United States,Southington,41.6047,-72.8813
95.163.176.177,7,Russia,,55.7386,37.6068
195.47.238.93,7,Sweden,Gothenburg,57.7065,11.967
124.198.131.62,7,New Zealand,,-42.0,174.0
45.9.148.50,7,Netherlands,Amsterdam,52.3759,4.8975
162.220.14.78,7,United States,Los Angeles,34.0485,-118.2529
185.100.87.166,7,Romania,Bucharest,44.4117,26.0422
185.220.101.149,7,Germany,,51.2993,9.491
185.220.101.138,7,Germany,,51.2993,9.491
185.220.101.176,7,Germany,,51.2993,9.491
185.220.101.131,7,Germany,,51.2993,9.491
185.220.101.185,7,Germany,,51.2993,9.491
185.220.101.173,7,Germany,,51.2993,9.491
185.220.101.156,7,Germany,,51.2993,9.491
185.220.101.133,7,Germany,,51.2993,9.491
185.220.101.172,7,Germany,,51.2993,9.491
185.220.101.164,7,Germany,,51.2993,9.491
185.220.101.167,7,Germany,,51.2993,9.491
185.220.101.179,7,Germany,,51.2993,9.491
185.220.101.151,7,Germany,,51.2993,9.491
185.220.101.190,7,Germany,,51.2993,9.491
185.220.101.130,7,Germany,,51.2993,9.491
185.220.101.129,7,Germany,,51.2993,9.491
185.220.101.191,7,Germany,,51.2993,9.491
185.220.101.157,7,Germany,,51.2993,9.491
185.220.101.169,7,Germany,,51.2993,9.491
185.220.101.152,7,Germany,,51.2993,9.491
185.220.101.162,7,Germany,,51.2993,9.491
185.220.101.170,7,Germany,,51.2993,9.491
185.220.101.182,7,Germany,,51.2993,9.491
185.220.101.180,7,Germany,,51.2993,9.491
185.220.101.166,7,Germany,,51.2993,9.491
185.220.101.183,7,Germany,,51.2993,9.491
185.220.101.137,7,Germany,,51.2993,9.491
185.220.101.175,7,Germany,,51.2993,9.491
185.220.101.153,7,Germany,,51.2993,9.491
185.220.101.145,7,Germany,,51.2993,9.491
185.220.101.160,7,Germany,,51.2993,9.491
185.220.101.144,7,Germany,,51.2993,9.491
45.143.200.32,7,Russia,,55.7386,37.6068
124.198.132.13,7,New Zealand,,-42.0,174.0
185.220.101.188,7,Germany,,51.2993,9.491
185.220.101.146,7,Germany,,51.2993,9.491
185.220.101.140,7,Germany,,51.2993,9.491
185.220.101.147,7,Germany,,51.2993,9.491
185.220.101.163,7,Germany,,51.2993,9.491
185.220.101.154,7,Germany,,51.2993,9.491
185.220.101.139,7,Germany,,51.2993,9.491
185.220.101.132,7,Germany,,51.2993,9.491
185.220.101.186,7,Germany,,51.2993,9.491
185.220.101.155,7,Germany,,51.2993,9.491
185.220.101.165,7,Germany,,51.2993,9.491
185.220.101.136,7,Germany,,51.2993,9.491
185.220.101.187,7,Germany,,51.2993,9.491
185.220.101.143,7,Germany,,51.2993,9.491
23.129.64.163,7,United States,,37.751,-97.822
57.128.212.103,7,France,,48.8582,2.3387
85.93.31.31,7,Germany,,51.2993,9.491
198.98.57.218,7,United States,Staten Island,40.6063,-74.1774
176.58.89.182,7,Netherlands,Amsterdam,52.3891,4.6563
171.25.193.35,7,Sweden,,59.3247,18.056
171.25.193.36,7,Sweden,,59.3247,18.056
171.25.193.37,7,Sweden,,59.3247,18.056
171.25.193.38,7,Sweden,,59.3247,18.056
185.233.100.23,7,France,,48.8582,2.3387
193.26.115.82,7,Germany,Frankfurt am Main,50.1084,8.6841
149.202.79.101,7,France,,48.8582,2.3387
220.135.36.173,7,Taiwan,New Taipei,24.9389,121.5422
194.15.36.117,7,Germany,,51.2993,9.491
118.163.74.160,7,Taiwan,New Taipei,24.9389,121.5422
5.255.101.131,7,Netherlands,,52.3824,4.8995
107.189.8.181,7,Luxembourg,Luxembourg,49.6113,6.1294
195.160.220.104,7,Ukraine,,50.4522,30.5287
209.141.41.25,7,United States,Las Vegas,36.102,-115.1447
91.149.243.111,7,United States,Chicago,41.8874,-87.6318
23.129.64.161,7,United States,,37.751,-97.822
23.129.64.160,7,United States,,37.751,-97.822
23.129.64.158,7,United States,,37.751,-97.822
23.129.64.130,7,United States,,37.751,-97.822
23.129.64.157,7,United States,,37.751,-97.822
23.129.64.162,7,United States,,37.751,-97.822
23.129.64.156,7,United States,,37.751,-97.822
23.129.64.155,7,United States,,37.751,-97.822
23.129.64.159,7,United States,,37.751,-97.822
23.129.64.154,7,United States,,37.751,-97.822
23.129.64.165,7,United States,,37.751,-97.822
23.129.64.164,7,United States,,37.751,-97.822
64.190.113.221,7,Spain,Santa Perpetua de Mogoda,41.5346,2.1864
38.135.25.142,7,United States,Southington,41.6047,-72.8813
38.135.25.141,7,United States,Southington,41.6047,-72.8813
38.135.25.144,7,United States,Southington,41.6047,-72.8813
38.135.25.143,7,United States,Southington,41.6047,-72.8813
107.189.30.86,7,Luxembourg,Luxembourg,49.6113,6.1294
31.220.75.237,7,Spain,Crevillent,38.2389,-0.7928
107.189.7.168,7,Luxembourg,Luxembourg,49.6113,6.1294
171.25.193.39,7,Sweden,,59.3247,18.056
171.25.193.40,7,Sweden,,59.3247,18.056
80.253.251.56,7,Seychelles,,-4.5833,55.6667
74.208.79.7,7,United States,,37.751,-97.822
107.189.3.148,7,Luxembourg,Luxembourg,49.6113,6.1294
107.189.3.94,7,Luxembourg,Luxembourg,49.6113,6.1294
107.189.31.187,7,Luxembourg,Luxembourg,49.6113,6.1294
107.189.8.16,7,Luxembourg,Luxembourg,49.6113,6.1294
107.189.11.111,7,Luxembourg,Luxembourg,49.6113,6.1294
107.189.7.144,7,Luxembourg,Luxembourg,49.6113,6.1294
104.244.74.97,7,Luxembourg,Luxembourg,49.6113,6.1294
107.189.1.160,7,Luxembourg,Luxembourg,49.6113,6.1294
107.189.1.9,7,Luxembourg,Luxembourg,49.6113,6.1294
104.244.79.44,7,Luxembourg,Luxembourg,49.6113,6.1294
107.189.8.226,7,Luxembourg,Luxembourg,49.6113,6.1294
107.189.4.209,7,Luxembourg,Luxembourg,49.6113,6.1294
104.244.73.43,7,Luxembourg,Roodt,49.7855,6.1001
107.189.30.236,7,Luxembourg,Luxembourg,49.6113,6.1294
107.189.14.4,7,Luxembourg,Luxembourg,49.6113,6.1294
107.189.8.133,7,Luxembourg,Luxembourg,49.6113,6.1294
104.244.79.50,7,Luxembourg,Luxembourg,49.6113,6.1294
178.17.174.164,7,Moldova,Chisinau,47.0042,28.8574
107.189.5.249,7,Luxembourg,Luxembourg,49.6113,6.1294
45.141.215.56,7,Italy,Milan,45.4722,9.1922
185.225.69.187,7,Hungary,,47.4919,19.05
107.189.31.33,7,Luxembourg,Luxembourg,49.6113,6.1294
107.189.5.7,7,Luxembourg,Luxembourg,49.6113,6.1294
104.244.72.132,7,Luxembourg,Luxembourg,49.6113,6.1294
104.244.77.208,7,Luxembourg,Luxembourg,49.6113,6.1294
107.189.12.3,7,Luxembourg,Luxembourg,49.6113,6.1294
104.244.73.190,7,Luxembourg,Luxembourg,49.6113,6.1294
107.189.8.56,7,Luxembourg,Luxembourg,49.6113,6.1294
107.189.13.253,7,Luxembourg,Luxembourg,49.6113,6.1294
104.244.78.233,7,Luxembourg,Luxembourg,49.6113,6.1294
104.244.79.61,7,Luxembourg,Luxembourg,49.6113,6.1294
107.189.4.12,7,Luxembourg,Luxembourg,49.6113,6.1294
104.244.73.136,7,Luxembourg,Luxembourg,49.6113,6.1294
107.189.10.175,7,Luxembourg,Bissen,49.7895,6.0679
107.189.5.121,7,Luxembourg,Luxembourg,49.6113,6.1294
104.244.73.193,7,Luxembourg,Luxembourg,49.6113,6.1294
37.48.70.156,7,Netherlands,Schiphol,52.3109,4.8151
154.26.159.157,7,United States,,37.751,-97.822
107.189.5.188,7,Luxembourg,Luxembourg,49.6113,6.1294
45.154.98.33,7,Hong Kong,,22.2908,114.1501
107.189.6.124,7,Luxembourg,Luxembourg,49.6113,6.1294
62.133.45.2,7,Romania,Bucharest,44.4152,26.166
77.48.28.193,7,Czechia,Krnov,50.099,17.7226
162.19.7.11,7,France,,48.8582,2.3387
107.189.7.141,7,Luxembourg,Luxembourg,49.6113,6.1294
103.253.24.18,7,Singapore,,1.3673,103.8014
109.237.27.11,7,United Kingdom,London,51.5164,-0.093
216.9.224.232,7,United States,,37.751,-97.822
88.80.20.86,7,Sweden,,59.3247,18.056
104.167.241.4,7,Sierra Leone,Freetown,8.4928,-13.2351
185.220.101.12,7,Germany,,51.2993,9.491
185.100.87.250,7,Romania,Bucharest,44.4117,26.0422
185.100.85.24,7,Romania,Bucharest,44.4152,26.166
185.100.87.192,7,Romania,Bucharest,44.4117,26.0422
146.103.43.17,7,Belgium,,50.8509,4.3447
177.93.140.66,7,Brazil,Marica,-22.9145,-42.8233
94.156.152.234,7,Bulgaria,Sofia,42.6951,23.325
88.151.192.2,7,Azerbaijan,,40.504,47.4997
87.120.222.33,7,Bulgaria,,42.696,23.332
93.123.109.44,7,Bulgaria,,42.696,23.332
45.84.107.200,7,Germany,,51.2993,9.491
195.246.231.197,7,France,,48.8582,2.3387
141.98.11.62,7,Lithuania,,55.4167,24.0
107.189.1.175,7,Luxembourg,Luxembourg,49.6113,6.1294
152.53.184.161,7,United States,,37.751,-97.822
196.196.200.100,7,Finland,Helsinki,60.1792,24.9337
185.220.101.5,7,Germany,,51.2993,9.491
185.220.101.17,7,Germany,,51.2993,9.491
185.220.101.2,7,Germany,,51.2993,9.491
185.220.101.20,7,Germany,,51.2993,9.491
185.220.101.3,7,Germany,,51.2993,9.491
185.220.101.10,7,Germany,,51.2993,9.491
185.220.101.19,7,Germany,,51.2993,9.491
185.220.101.8,7,Germany,,51.2993,9.491
185.220.101.13,7,Germany,,51.2993,9.491
185.220.101.15,7,Germany,,51.2993,9.491
185.220.101.9,7,Germany,,51.2993,9.491
185.220.101.16,7,Germany,,51.2993,9.491
185.220.101.1,7,Germany,,51.2993,9.491
185.220.101.7,7,Germany,,51.2993,9.491
185.220.101.11,7,Germany,,51.2993,9.491
185.220.101.6,7,Germany,,51.2993,9.491
185.220.101.29,7,Germany,,51.2993,9.491
185.220.101.24,7,Germany,,51.2993,9.491
185.220.101.0,7,Germany,,51.2993,9.491
185.220.101.30,7,Germany,,51.2993,9.491
185.220.101.25,7,Germany,,51.2993,9.491
193.189.100.205,7,United Kingdom,,51.4964,-0.1224
193.189.100.201,7,United Kingdom,,51.4964,-0.1224
193.189.100.206,7,United Kingdom,,51.4964,-0.1224
193.189.100.204,7,United Kingdom,,51.4964,-0.1224
193.189.100.203,7,United Kingdom,,51.4964,-0.1224
193.189.100.202,7,United Kingdom,,51.4964,-0.1224
104.244.72.115,7,Luxembourg,Luxembourg,49.6113,6.1294
185.220.101.18,7,Germany,,51.2993,9.491
185.220.101.14,7,Germany,,51.2993,9.491
185.220.101.21,7,Germany,,51.2993,9.491
185.220.101.4,7,Germany,,51.2993,9.491
45.138.16.107,7,Netherlands,,52.3824,4.8995
82.153.138.7,7,United Kingdom,Southall,51.4968,-0.3776
185.104.120.10,7,United Kingdom,Reading,51.4032,-0.9207
45.137.99.16,7,Brazil,São Paulo,-23.5335,-46.6359
45.38.20.123,7,United States,,37.751,-97.822
188.68.36.28,7,Germany,Hitzacker,53.1564,11.0018
185.252.232.218,7,Germany,Düsseldorf,51.2184,6.7734
94.16.121.91,7,Austria,,48.2048,16.3801
104.36.80.7,7,Canada,Toronto,43.6547,-79.3623
204.85.191.9,7,United States,Chapel Hill,35.9153,-79.0386
185.220.101.28,7,Germany,,51.2993,9.491
185.220.101.22,7,Germany,,51.2993,9.491
185.220.101.23,7,Germany,,51.2993,9.491
185.220.101.27,7,Germany,,51.2993,9.491
185.220.101.31,7,Germany,,51.2993,9.491
185.220.101.26,7,Germany,,51.2993,9.491
23.129.64.185,7,United States,,37.751,-97.822
23.129.64.167,7,United States,,37.751,-97.822
23.129.64.168,7,United States,,37.751,-97.822
23.129.64.175,7,United States,,37.751,-97.822
23.129.64.189,7,United States,,37.751,-97.822
23.129.64.172,7,United States,,37.751,-97.822
23.129.64.187,7,United States,,37.751,-97.822
23.129.64.192,7,United States,,37.751,-97.822
23.129.64.184,7,United States,,37.751,-97.822
23.129.64.191,7,United States,,37.751,-97.822
23.129.64.166,7,United States,,37.751,-97.822
23.129.64.176,7,United States,,37.751,-97.822
23.129.64.186,7,United States,,37.751,-97.822
23.129.64.171,7,United States,,37.751,-97.822
23.129.64.174,7,United States,,37.751,-97.822
185.129.61.129,7,Denmark,,55.7123,12.0564
23.129.64.222,7,United States,,37.751,-97.822
23.129.64.217,7,United States,,37.751,-97.822
199.195.253.156,7,United States,Staten Island,40.6063,-74.1774
45.61.185.172,7,United States,Miami,25.7806,-80.1826
23.129.64.188,7,United States,,37.751,-97.822
23.129.64.183,7,United States,,37.751,-97.822
23.129.64.182,7,United States,,37.751,-97.822
23.129.64.193,7,United States,,37.751,-97.822
23.129.64.169,7,United States,,37.751,-97.822
23.129.64.181,7,United States,,37.751,-97.822
23.129.64.179,7,United States,,37.751,-97.822
23.129.64.177,7,United States,,37.751,-97.822
23.129.64.170,7,United States,,37.751,-97.822
23.129.64.190,7,United States,,37.751,-97.822
23.129.64.178,7,United States,,37.751,-97.822
23.129.64.180,7,United States,,37.751,-97.822
23.129.64.213,7,United States,,37.751,-97.822
23.129.64.211,7,United States,,37.751,-97.822
23.129.64.204,7,United States,,37.751,-97.822
23.129.64.224,7,United States,,37.751,-97.822
23.129.64.203,7,United States,,37.751,-97.822
23.129.64.223,7,United States,,37.751,-97.822
23.129.64.216,7,United States,,37.751,-97.822
23.129.64.209,7,United States,,37.751,-97.822
23.129.64.206,7,United States,,37.751,-97.822
23.129.64.212,7,United States,,37.751,-97.822
23.129.64.214,7,United States,,37.751,-97.822
23.129.64.225,7,United States,,37.751,-97.822
23.129.64.219,7,United States,,37.751,-97.822
23.129.64.218,7,United States,,37.751,-97.822
23.129.64.198,7,United States,,37.751,-97.822
23.129.64.201,7,United States,,37.751,-97.822
185.177.238.9,7,United States,Philadelphia,39.952,-75.1814
23.129.64.197,7,United States,,37.751,-97.822
23.129.64.220,7,United States,,37.751,-97.822
23.129.64.210,7,United States,,37.751,-97.822
23.129.64.208,7,United States,,37.751,-97.822
23.129.64.205,7,United States,,37.751,-97.822
23.129.64.199,7,United States,,37.751,-97.822
23.129.64.173,7,United States,,37.751,-97.822
23.129.64.195,7,United States,,37.751,-97.822
23.129.64.200,7,United States,,37.751,-97.822
23.129.64.196,7,United States,,37.751,-97.822
23.129.64.207,7,United States,,37.751,-97.822
23.129.64.202,7,United States,,37.751,-97.822
23.129.64.221,7,United States,,37.751,-97.822
23.129.64.215,7,United States,,37.751,-97.822
23.129.64.194,7,United States,,37.751,-97.822
23.191.200.30,7,United States,,37.751,-97.822
23.191.200.3,7,United States,,37.751,-97.822
23.191.200.28,7,United States,,37.751,-97.822
23.191.200.2,7,United States,,37.751,-97.822
45.137.99.182,7,Brazil,São Paulo,-23.5335,-46.6359
209.141.50.249,7,United States,Las Vegas,36.102,-115.1447
45.58.190.74,7,United States,,37.751,-97.822
93.94.51.243,7,Iraq,,33.0,44.0
45.141.215.111,7,Italy,Milan,45.4722,9.1922
45.141.215.90,7,Italy,Milan,45.4722,9.1922
45.141.215.88,7,Italy,Milan,45.4722,9.1922
176.65.134.4,7,Germany,,51.2993,9.491
107.175.93.157,7,United States,,37.751,-97.822
45.80.158.93,7,Netherlands,,52.3824,4.8995
45.141.215.238,7,Italy,Milan,45.4722,9.1922
51.161.198.74,7,Canada,,43.6319,-79.3716
37.46.196.22,7,United States,Miami,25.7806,-80.1826
37.228.129.168,7,Finland,,60.1717,24.9349
143.20.64.235,7,United States,,37.751,-97.822
23.191.200.27,7,United States,,37.751,-97.822
5.255.127.222,7,Netherlands,,52.3824,4.8995
96.8.119.172,7,United States,,37.751,-97.822
213.111.150.96,7,Ukraine,Alchevs'k,48.4707,38.8222
79.100.12.71,7,Bulgaria,Sofia,42.6951,23.325
23.191.200.31,7,United States,,37.751,-97.822
23.191.200.5,7,United States,,37.751,-97.822
23.191.200.6,7,United States,,37.751,-97.822
23.191.200.4,7,United States,,37.751,-97.822
23.191.200.29,7,United States,,37.751,-97.822
23.191.200.14,7,United States,,37.751,-97.822
23.191.200.13,7,United States,,37.751,-97.822
23.191.200.25,7,United States,,37.751,-97.822
23.191.200.20,7,United States,,37.751,-97.822
23.191.200.22,7,United States,,37.751,-97.822
23.191.200.17,7,United States,,37.751,-97.822
172.105.174.195,7,Australia,Sydney,-33.8601,151.2101
23.191.200.7,7,United States,,37.751,-97.822
5.255.99.147,7,Netherlands,,52.3824,4.8995
194.26.192.177,7,Germany,,51.2993,9.491
193.26.115.123,7,Germany,Frankfurt am Main,50.1084,8.6841
82.221.131.71,7,Iceland,,65.0,-18.0
185.120.16.176,7,Germany,Frankfurt am Main,50.1049,8.6295
185.40.4.143,7,Russia,,55.9155,37.8263
185.156.72.7,7,Russia,,55.7386,37.6068
45.80.158.75,7,Netherlands,,52.3824,4.8995
91.227.114.153,7,Netherlands,,52.3824,4.8995
172.81.131.139,7,United States,,37.751,-97.822
185.177.238.26,7,United States,Philadelphia,39.952,-75.1814
23.191.200.16,7,United States,,37.751,-97.822
23.191.200.19,7,United States,,37.751,-97.822
23.191.200.8,7,United States,,37.751,-97.822
23.191.200.15,7,United States,,37.751,-97.822
23.191.200.26,7,United States,,37.751,-97.822
23.191.200.21,7,United States,,37.751,-97.822
23.191.200.24,7,United States,,37.751,-97.822
23.191.200.12,7,United States,,37.751,-97.822
23.191.200.11,7,United States,,37.751,-97.822
23.191.200.10,7,United States,,37.751,-97.822
23.191.200.9,7,United States,,37.751,-97.822
23.191.200.18,7,United States,,37.751,-97.822
23.191.200.23,7,United States,,37.751,-97.822
216.239.90.19,7,Canada,Montreal,45.4995,-73.5848
204.76.203.203,7,United States,,37.751,-97.822
208.87.242.7,7,United States,,37.751,-97.822
217.182.75.199,7,France,,48.8582,2.3387
185.120.16.171,7,Germany,Frankfurt am Main,50.1049,8.6295
45.61.188.15,7,United States,Miami,25.7806,-80.1826
82.153.138.125,7,United Kingdom,Southall,51.4968,-0.3776
31.40.204.206,7,United States,Ashburn,39.0814,-77.6443
5.255.115.58,7,Netherlands,,52.3824,4.8995
5.255.123.164,7,Netherlands,,52.3824,4.8995
171.25.193.132,7,Sweden,,59.3247,18.056
93.99.104.128,7,Czechia,Kunovice,49.0506,17.465
124.198.131.29,7,New Zealand,,-42.0,174.0
178.17.58.159,7,Iraq,,33.0,44.0
171.25.193.81,7,Sweden,,59.3247,18.056
171.25.193.82,7,Sweden,,59.3247,18.056
78.159.131.103,7,Bulgaria,,42.696,23.332
124.198.132.52,7,New Zealand,,-42.0,174.0
107.172.61.206,7,United States,Seattle,47.6034,-122.3414
107.173.187.181,7,United States,,37.751,-97.822
192.210.136.31,7,United States,Elk Grove Village,42.0048,-87.9954
93.94.52.229,7,Iraq,,33.0,44.0
109.228.160.190,7,Sweden,Landvetter,57.6828,12.2103
152.53.210.165,7,United States,,37.751,-97.822
82.153.138.241,7,United Kingdom,Southall,51.4968,-0.3776
104.167.242.118,7,Singapore,Singapore,1.385,103.7473
104.167.242.117,7,Singapore,Singapore,1.385,103.7473
45.9.156.161,7,United States,Ashburn,39.0469,-77.4903
87.121.79.9,7,Bulgaria,,42.696,23.332
23.190.216.8,7,United States,,37.751,-97.822
194.163.157.49,7,Germany,Düsseldorf,51.1878,6.8607
44.30.4.69,7,United States,,37.751,-97.822
23.129.64.99,7,United States,,37.751,-97.822
173.224.219.236,7,United States,,37.751,-97.822
192.108.48.150,7,Germany,,51.2993,9.491
64.190.76.3,7,United States,,37.751,-97.822
64.190.76.2,7,United States,,37.751,-97.822
64.190.76.4,7,United States,,37.751,-97.822
108.59.12.41,7,United States,,39.6685,-75.7048
173.224.219.44,7,United States,,37.751,-97.822
65.87.7.198,7,United States,,37.751,-97.822
176.121.81.51,7,Poland,Wroclaw,51.0939,17.1564
89.185.82.63,7,Russia,,55.7386,37.6068
51.68.226.107,7,France,,48.8582,2.3387
89.147.110.211,7,Hungary,,47.4919,19.05
107.189.31.52,7,Luxembourg,Luxembourg,49.6113,6.1294
45.83.31.79,7,United States,Los Angeles,34.0544,-118.2441
185.231.33.38,7,Seychelles,,-4.5833,55.6667
185.129.61.6,7,Denmark,,55.7123,12.0564
185.129.61.8,7,Denmark,,55.7123,12.0564
185.129.61.9,7,Denmark,,55.7123,12.0564
185.129.61.2,7,Denmark,,55.7123,12.0564
185.129.61.5,7,Denmark,,55.7123,12.0564
194.55.167.14,7,Russia,,55.7386,37.6068
107.189.8.65,7,Luxembourg,Luxembourg,49.6113,6.1294
5.79.66.19,7,Netherlands,,52.3824,4.8995
31.40.204.186,7,United States,Ashburn,39.0814,-77.6443
172.104.243.155,7,Germany,Frankfurt am Main,50.1188,8.6843
64.190.76.10,7,United States,,37.751,-97.822
179.43.134.19,7,Switzerland,Zurich,47.3682,8.5671
190.120.229.2,7,Peru,Lima,-12.0464,-77.0428
66.78.40.225,7,United States,Wilmington,39.7356,-75.5516
185.236.20.142,7,Russia,,55.7386,37.6068
93.113.25.239,7,Romania,,45.9968,24.997
82.117.255.113,7,United States,,37.751,-97.822
194.53.137.102,7,Spain,Madrid,40.4163,-3.6934
195.47.238.44,7,Sweden,Gothenburg,57.7065,11.967
82.221.131.86,7,Iceland,,65.0,-18.0
195.246.231.141,7,France,,48.8582,2.3387
46.29.238.25,7,Russia,,55.7386,37.6068
185.14.31.113,7,Netherlands,Meppel,52.6959,6.1847
38.135.25.2,7,United States,Southington,41.6047,-72.8813
86.54.24.21,7,United Kingdom,,51.4964,-0.1224
130.193.15.79,7,Czechia,Prague,50.0804,14.5045
185.100.85.25,7,Romania,Bucharest,44.4152,26.166
185.129.61.7,7,Denmark,,55.7123,12.0564
185.129.61.4,7,Denmark,,55.7123,12.0564
185.129.61.10,7,Denmark,,55.7123,12.0564
185.129.61.3,7,Denmark,,55.7123,12.0564
185.129.61.1,7,Denmark,,55.7123,12.0564
45.141.215.28,7,Italy,Milan,45.4722,9.1922
185.138.88.25,7,Russia,,55.7386,37.6068
193.237.155.109,7,United Kingdom,,51.4964,-0.1224
45.138.16.82,7,Netherlands,,52.3824,4.8995
185.126.114.110,7,Ukraine,Mykolayiv,46.979,31.9946
102.130.127.117,7,South Africa,,-29.0,24.0
107.189.14.43,7,Luxembourg,Luxembourg,49.6113,6.1294
144.172.73.31,7,United States,New York,40.7538,-73.9836
199.26.150.137,7,United States,,37.751,-97.822
45.9.156.22,7,United States,Ashburn,39.0469,-77.4903
45.80.158.53,7,Netherlands,,52.3824,4.8995
148.113.152.91,7,Canada,,43.6319,-79.3716
196.251.69.116,7,Ghana,,8.1,-1.2
66.78.40.210,7,United States,Wilmington,39.7356,-75.5516
176.65.140.210,7,Germany,,51.2993,9.491
104.244.74.51,7,Luxembourg,Luxembourg,49.6113,6.1294
192.42.116.208,7,Netherlands,,52.3824,4.8995
87.118.116.103,7,Germany,,51.2993,9.491
149.56.44.47,7,Canada,Montreal,45.4995,-73.5848
192.42.116.175,7,Netherlands,,52.3824,4.8995
193.26.115.61,7,Germany,Frankfurt am Main,50.1084,8.6841
45.141.215.80,7,Italy,Milan,45.4722,9.1922
192.42.116.213,7,Netherlands,,52.3824,4.8995
94.102.51.15,7,Netherlands,Amsterdam,52.3759,4.8975
45.141.215.62,7,Italy,Milan,45.4722,9.1922
192.42.116.196,7,Netherlands,,52.3824,4.8995
5.45.102.93,7,Germany,,51.2993,9.491
109.70.100.4,7,Austria,Vienna,48.1936,16.3726
89.58.26.216,7,Germany,,51.2993,9.491
198.98.51.189,7,United States,Staten Island,40.6063,-74.1774
80.67.167.81,7,France,,48.8582,2.3387
171.25.193.25,7,Sweden,,59.3247,18.056
13.231.183.75,6,Japan,Tokyo,35.6893,139.6899
5.181.177.245,6,United States,Dulles,39.0019,-77.4556
5.181.177.130,6,United States,Dulles,39.0019,-77.4556
185.247.184.33,6,Russia,,55.7386,37.6068
151.243.213.150,6,Iran,,35.698,51.4115
164.132.172.209,6,France,,48.8582,2.3387
5.196.95.34,6,France,,48.8582,2.3387
209.200.246.244,6,Canada,,43.6319,-79.3716
185.112.144.11,6,Iceland,,65.0,-18.0
185.129.62.64,6,Denmark,,55.7123,12.0564
37.228.129.128,6,Finland,,60.1717,24.9349
64.190.113.106,6,Spain,Santa Perpetua de Mogoda,41.5346,2.1864
82.197.182.161,6,Switzerland,Zurich,47.4197,8.5139
95.211.174.137,5,Netherlands,,52.3824,4.8995
185.241.208.204,5,Netherlands,,52.3824,4.8995
37.221.93.88,5,United States,Ashburn,38.9841,-77.3672
194.26.192.22,5,Germany,,51.2993,9.491
45.136.71.127,5,Finland,Helsinki,60.1792,24.9337
45.9.156.105,5,United States,Ashburn,39.0469,-77.4903
185.163.204.41,4,Hungary,,47.4919,19.05
198.167.206.232,4,Sweden,,59.3247,18.056
91.219.236.210,4,Hungary,,47.4919,19.05
83.147.17.190,4,Spain,,40.4172,-3.684
37.114.50.115,4,Germany,,51.2993,9.491
198.167.206.208,4,Sweden,,59.3247,18.056
91.219.239.65,4,Hungary,Budapest,47.5636,19.0947
198.167.206.223,4,Sweden,,59.3247,18.056
198.167.206.154,4,Sweden,,59.3247,18.056
185.163.204.231,4,Hungary,,47.4919,19.05
91.219.239.2,4,Hungary,Budapest,47.5636,19.0947
185.40.4.64,4,Russia,,55.9155,37.8263
94.156.152.8,4,Bulgaria,Sofia,42.6951,23.325
45.133.73.63,4,United States,Chicago,41.9032,-87.6383
185.132.53.107,4,Finland,,60.1717,24.9349
198.167.206.185,3,Sweden,,59.3247,18.056
104.167.242.116,3,Singapore,Singapore,1.385,103.7473
5.34.182.203,3,Ukraine,Kharkiv,49.982,36.2566
5.255.123.250,3,Netherlands,,52.3824,4.8995
46.253.4.208,3,Bulgaria,Ihtiman,42.4348,23.8116
198.167.206.146,3,Sweden,,59.3247,18.056
88.80.135.28,3,Bulgaria,Sofia,42.6951,23.325
177.149.156.209,3,Brazil,Goiânia,-16.6391,-49.2622
172.81.132.149,3,United States,,37.751,-97.822
135.125.239.51,3,France,,48.8582,2.3387
135.125.239.70,3,France,,48.8582,2.3387
37.228.129.162,3,Finland,,60.1717,24.9349
81.181.104.22,3,Romania,,45.9968,24.997
173.224.219.172,3,United States,,37.751,-97.822
155.94.139.69,3,United States,Los Angeles,34.0485,-118.2529
45.38.20.153,3,United States,,37.751,-97.822
93.95.228.105,3,Iceland,Reykjavik,64.1439,-21.98
188.165.200.97,3,France,,48.8582,2.3387
172.93.213.161,3,United States,Jacksonville,30.3298,-81.6492
194.53.137.156,3,Spain,Madrid,40.4163,-3.6934
78.153.150.25,3,Russia,Moscow,55.7483,37.6171
173.0.3.111,3,United States,,37.751,-97.822
198.167.206.237,3,Sweden,,59.3247,18.056
66.78.40.146,3,United States,Wilmington,39.7356,-75.5516
164.132.58.8,3,France,,48.8582,2.3387
38.60.249.223,3,United States,,37.751,-97.822
45.134.48.153,3,Romania,,45.9968,24.997
45.38.20.181,3,United States,,37.751,-97.822
198.167.206.235,2,Sweden,,59.3247,18.056
172.236.179.103,2,United States,,37.751,-97.822
95.168.173.143,2,Russia,,55.7386,37.6068
94.75.225.81,2,Netherlands,,52.3824,4.8995
46.38.243.210,2,Germany,,51.2993,9.491
38.97.116.242,2,United States,Somerville,42.3996,-71.1246
38.97.116.244,2,United States,Somerville,42.3996,-71.1246
38.97.116.243,2,United States,Somerville,42.3996,-71.1246
38.97.116.245,2,United States,Somerville,42.3996,-71.1246
86.107.101.234,2,Romania,,45.9968,24.997
198.167.206.197,2,Sweden,,59.3247,18.056
92.242.166.161,2,Russia,,55.7386,37.6068
